,id_LEVEL,User_region_LEVEL,User_level_LEVEL,User_purchase_amount_LEVEL,Order_from_LEVEL,Comment_time_LEVEL,Order_processing_speed_LEVEL,Sending_out_speed_LEVEL,Delivery_speed_LEVEL,If_delivered_on_original/promised_date_LEVEL,If_delivered_right_product_LEVEL,If_intact_in_transit_LEVEL,If_the_last_Km_is_difficult_LEVEL,If_the_last_Km_is_served_LEVEL,Distribution_staff_service_attitude_LEVEL,Installer_arrival_time_LEVEL,Installer_arrival_speed_LEVEL,Installation_speed_LEVEL,Installation_effect_LEVEL,Explaining_service_LEVEL,Installer_service_attitude_LEVEL,If_installer_has_any_charges_LEVEL,If_the_bill_is_complete_LEVEL,If_any_gifts_LEVEL,If_any_after-sales_processes_LEVEL,If_any_revisiting_LEVEL,If_any_gifts_from_after-sales_LEVEL,If_contacted_customer_service_LEVEL,Reason_contacting_customer_service_LEVEL,Customer_service_processing_efficiency_LEVEL,If_fixing_LEVEL,Number_of_fixing_LEVEL,Fixing_result_LEVEL,If_replacement_LEVEL,Replacement_result_LEVEL,If_return_LEVEL,Return_result_LEVEL,After-sales_processing_efficiency_LEVEL,After-sales_attitude_LEVEL,If_problems_solved_LEVEL,Product_model_LEVEL,If_price_changed_in_a_short_time_LEVEL,Changing_price_LEVEL,Compared_to_different_channel_prices_LEVEL,Price_gap_LEVEL,Product_functional_diversity_LEVEL,Energy_saving_index_LEVEL,Performance_index_LEVEL,Noise_situation_LEVEL,Aesthetics_performance_LEVEL,Intactness_performance_LEVEL,If_product_is_faulty_LEVEL,Fault_index_LEVEL,Ease_of_use_LEVEL,Brand_awareness_to_Haier_LEVEL,Awareness_to_product_LEVEL,Cost-effective_satisfaction_LEVEL,Reputation_and_price_satisfaction_LEVEL,Order_processing_satisfaction_LEVEL,Logistics_distribution_satisfaction_LEVEL,Installation_satisfaction_LEVEL,After-sales_service_satisfaction_LEVEL,Product_quality_satisfaction_LEVEL,Consistent_with_the_description_satisfaction_LEVEL,Compared_with_pre-purchase_expectations_satisfaction_LEVEL,Customer_satisfaction_LEVEL,Customer_satisfaction_level_LEVEL,Customer_complaints_index_LEVEL,Will_of_repurchase_the_same_brand_and_the_same_kind_of_product_LEVEL,Will_of_repurchase_the_same_brand_LEVEL,Recommended_to_buy_index_LEVEL
0,差评,广东,银牌会员,低,android客户端,2016-12-26 21:51:00,好评,好评,好评,是,是,是,是,是,好评,配送员安装,好评,好评,好评,好评,好评,否,是,否,否,否,否,否,,,否,,,否,,否,,,,,XQB55-M1269 5.5公斤全自动波轮洗衣机 3年质保,未明显变动,,持平,,中评,中评,中评,中评,中评,中评,否,,中评,中评,中评,中评,中评,中评,好评,好评,,中评,中评,好评,好评,好评,没有抱怨,好评,好评,好评
1,差评,,铜牌会员,低,iphone客户端,2016-11-20 16:30:00,好评,好评,好评,是,是,是,是,是,好评,配送员安装,好评,好评,好评,好评,好评,否,是,是,否,否,否,否,,,否,,,否,,否,,,,,XQB55-M1269 5.5公斤全自动波轮洗衣机 3年质保,未明显变动,,持平,,中评,中评,中评,差评,中评,中评,否,,中评,好评,好评,好评,中评,中评,好评,好评,,中评,好评,好评,好评,好评,没有抱怨,好评,好评,好评
2,中评,,铜牌会员,低,android客户端,2016-12-04 15:48:00,好评,中评,差评,否,是,是,否,是,好评,次日,差评,好评,好评,好评,好评,否,是,否,是,否,否,是,售前咨询,好评,否,,,否,,否,,好评,好评,是,XQB55-M1269 5.5公斤全自动波轮洗衣机 3年质保,未明显变动,,持平,,中评,中评,好评,差评,中评,差评,否,,中评,好评,中评,中评,中评,差评,好评,好评,好评,中评,中评,中评,好评,好评,轻微抱怨,好评,好评,中评
3,好评,,铜牌会员,低,微信购物,2016-09-11 14:28:00,好评,差评,差评,否,是,是,否,是,中评,配送员安装,好评,中评,差评,差评,差评,是,是,否,否,否,否,否,,,否,,,否,,否,,,,,XQB55-M1269 5.5公斤全自动波轮洗衣机 3年质保,未明显变动,,持平,,中评,中评,中评,中评,中评,中评,否,,中评,中评,差评,中评,中评,差评,差评,差评,,中评,差评,差评,中评,中评,严重抱怨,差评,差评,差评
4,好评,北京,金牌会员,低,ipad客户端,2016-10-16 11:30:00,中评,中评,中评,是,是,是,否,是,好评,配送员安装,好评,好评,好评,好评,好评,否,是,否,否,否,否,否,,,否,,,否,,否,,,,,XQB55-M1269 5.5公斤全自动波轮洗衣机 3年质保,未明显变动,,持平,,中评,好评,差评,中评,中评,中评,否,,中评,好评,中评,中评,中评,好评,好评,好评,,差评,中评,差评,中评,中评,中等抱怨,差评,中评,差评
5,6,,银牌会员,低,android客户端,2016-10-18 09:44:00,中评,中评,差评,否,是,是,否,是,中评,配送员安装,好评,好评,好评,好评,好评,否,是,否,是,否,否,是,物流配送,差评,否,,,否,,否,,差评,中评,否,XQB55-M1269 5.5公斤全自动波轮洗衣机 3年质保,未明显变动,,持平,,中评,中评,中评,中评,中评,中评,否,,中评,差评,中评,中评,中评,差评,差评,好评,差评,中评,中评,差评,差评,差评,严重抱怨,差评,差评,差评
6,7,上海,钻石会员,低,网页购物,2016-08-28 17:08:00,中评,差评,差评,否,是,是,否,是,差评,配送员安装,好评,中评,中评,中评,中评,否,是,否,是,否,否,是,物流配送,差评,否,,,否,,否,,差评,差评,否,XQB55-M1269 5.5公斤全自动波轮洗衣机 3年质保,未明显变动,,持平,,中评,中评,中评,中评,中评,中评,否,,中评,差评,中评,中评,中评,差评,差评,中评,差评,中评,差评,差评,差评,差评,严重抱怨,差评,差评,差评
7,8,河南,金牌会员,高,网页购物,2017-01-02 20:56:00,好评,好评,好评,是,是,是,否,是,中评,当天下午,好评,好评,好评,好评,好评,否,是,否,否,否,否,否,,,否,,,否,,否,,,,,海尔（Haier) 8公斤 斐雪派克直驱变频滚筒洗衣机 智能APP控制 精准投放 EG8014BDX59SDU1,未明显变动,,持平,,中评,中评,中评,好评,好评,好评,否,,好评,好评,好评,好评,中评,好评,好评,好评,,好评,好评,好评,好评,好评,没有抱怨,好评,好评,好评
8,9,山东,金牌会员,高,android客户端,2016-12-27 21:16:00,好评,好评,好评,是,是,是,是,是,好评,配送员安装,好评,好评,好评,好评,好评,否,是,否,否,否,否,否,,,否,,,否,,否,,,,,海尔（Haier) 8公斤 斐雪派克直驱变频滚筒洗衣机 智能APP控制 精准投放 EG8014BDX59SDU1,未明显变动,,持平,,中评,中评,好评,好评,中评,差评,否,,中评,好评,好评,好评,中评,好评,好评,好评,,好评,好评,好评,好评,好评,轻微抱怨,好评,好评,好评
9,10,山东,银牌会员,高,android客户端,2016-12-28 19:26:00,中评,好评,好评,是,是,是,否,是,中评,配送员安装,好评,好评,好评,中评,中评,否,是,否,否,否,否,否,,,否,,,否,,否,,,,,海尔（Haier) 8公斤 斐雪派克直驱变频滚筒洗衣机 智能APP控制 精准投放 EG8014BDX59SDU1,未明显变动,,持平,,好评,中评,好评,好评,中评,中评,否,,好评,好评,好评,好评,中评,好评,好评,好评,,好评,好评,好评,好评,好评,没有抱怨,好评,好评,好评
10,11,,银牌会员,高,微信购物,2016-08-24 19:07:00,好评,中评,中评,是,是,是,否,是,中评,配送员安装,好评,中评,中评,差评,差评,是,是,否,否,否,否,否,,,否,,,否,,否,,,,,海尔（Haier) 8公斤 斐雪派克直驱变频滚筒洗衣机 智能APP控制 精准投放 EG8014BDX59SDU1,未明显变动,,持平,,中评,中评,差评,差评,中评,中评,否,,中评,中评,中评,差评,中评,中评,中评,差评,,中评,差评,中评,中评,中评,中等抱怨,差评,差评,差评
11,12,福建,钻石会员,高,iphone客户端,2016-08-27 18:34:00,好评,好评,中评,是,是,否,否,是,中评,配送员安装,好评,中评,中评,中评,中评,否,是,否,否,否,否,否,,,否,,,否,,否,,,,,海尔（Haier) 8公斤 斐雪派克直驱变频滚筒洗衣机 智能APP控制 精准投放 EG8014BDX59SDU1,未明显变动,,持平,,中评,中评,中评,差评,差评,差评,否,,中评,差评,差评,差评,中评,中评,差评,中评,,差评,差评,差评,中评,中评,中等抱怨,差评,差评,差评
12,13,河北,金牌会员,高,iphone客户端,2016-10-20 11:41:00,好评,中评,中评,是,是,是,否,是,差评,配送员安装,好评,好评,差评,差评,差评,否,是,否,是,否,否,是,质量问题,好评,是,差评,差评,否,,否,,好评,差评,是,海尔（Haier) 8公斤 斐雪派克直驱变频滚筒洗衣机 智能APP控制 精准投放 EG8014BDX59SDU1,未明显变动,,持平,,差评,中评,中评,中评,中评,中评,是,好评,差评,差评,差评,差评,中评,中评,中评,差评,好评,差评,差评,差评,差评,差评,严重抱怨,差评,差评,差评
13,14,广东,金牌会员,高,iphone客户端,2016-12-18 11:53:00,好评,好评,好评,否,是,是,否,是,差评,次日,中评,差评,差评,差评,差评,是,是,否,是,否,否,是,质量问题,差评,是,差评,否,是,差评,否,,差评,差评,是,海尔（Haier) 8公斤 斐雪派克直驱变频滚筒洗衣机 智能APP控制 精准投放 EG8014BDX59SDU1,未明显变动,,持平,,好评,中评,中评,好评,好评,好评,是,好评,中评,差评,差评,中评,中评,好评,差评,差评,差评,中评,中评,差评,差评,差评,严重抱怨,差评,差评,差评
14,15,北京,银牌会员,高,iphone客户端,2016-11-19 12:29:00,中评,中评,中评,是,是,否,否,是,中评,配送员安装,好评,中评,中评,中评,中评,否,是,否,是,否,否,是,质量问题,差评,否,,,是,否,否,,差评,差评,否,海尔（Haier) 8公斤 斐雪派克直驱变频滚筒洗衣机 智能APP控制 精准投放 EG8014BDX59SDU1,未明显变动,,持平,,中评,中评,中评,中评,中评,差评,否,,中评,差评,差评,差评,中评,好评,差评,差评,差评,中评,差评,差评,差评,差评,中等抱怨,差评,差评,差评
15,16,浙江,金牌会员,高,android客户端,2016-12-14 12:50:00,好评,好评,好评,是,是,是,是,是,好评,配送员安装,好评,好评,好评,好评,好评,否,是,否,否,否,否,否,,,否,,,否,,否,,,,,海尔（Haier）BCD-575WDGOU1 575升变频风冷无霜对开门冰箱 双变频高保湿抽屉双重杀菌系统新国标一级,未明显变动,,持平,,好评,好评,好评,好评,好评,好评,否,,好评,好评,好评,好评,中评,好评,好评,好评,,好评,好评,好评,好评,好评,没有抱怨,好评,好评,好评
16,17,,PLUS会员,高,iphone客户端,2017-01-14 12:50:00,好评,中评,中评,是,是,是,否,是,中评,配送员安装,好评,中评,中评,中评,中评,否,是,否,否,否,否,否,,,否,,,否,,否,,,,,海尔（Haier）BCD-575WDGOU1 575升变频风冷无霜对开门冰箱 双变频高保湿抽屉双重杀菌系统新国标一级,未明显变动,,持平,,好评,中评,中评,中评,好评,中评,否,,中评,好评,好评,好评,中评,中评,中评,中评,,好评,好评,好评,好评,好评,轻微抱怨,中评,中评,中评
17,18,四川,PLUS会员,高,网页购物,2016-11-14 20:15:00,好评,中评,中评,是,是,是,否,是,差评,配送员安装,好评,中评,差评,差评,差评,否,是,否,否,否,否,否,,,否,,,否,,否,,,,,海尔（Haier）BCD-575WDGOU1 575升变频风冷无霜对开门冰箱 双变频高保湿抽屉双重杀菌系统新国标一级,未明显变动,,持平,,中评,中评,中评,中评,中评,中评,否,,中评,差评,差评,差评,中评,好评,差评,差评,,好评,好评,中评,差评,中评,严重抱怨,差评,差评,差评
18,19,,钻石会员,高,iphone客户端,2016-11-16 19:43:00,好评,中评,中评,是,是,是,否,是,中评,配送员安装,好评,中评,差评,差评,差评,否,是,否,否,否,否,否,,,否,,,否,,否,,,,,海尔（Haier）BCD-575WDGOU1 575升变频风冷无霜对开门冰箱 双变频高保湿抽屉双重杀菌系统新国标一级,未明显变动,,持平,,好评,好评,好评,好评,好评,好评,否,,好评,中评,好评,好评,中评,好评,好评,差评,,好评,好评,好评,差评,中评,严重抱怨,好评,好评,中评
19,20,,银牌会员,高,iphone客户端,2016-12-18 19:22:00,中评,差评,差评,否,是,是,否,是,差评,配送员安装,好评,中评,差评,差评,差评,否,是,否,是,否,否,是,咨询赠品,差评,否,,,否,,否,,差评,差评,差评,海尔（Haier）BCD-575WDGOU1 575升变频风冷无霜对开门冰箱 双变频高保湿抽屉双重杀菌系统新国标一级,未明显变动,,持平,,好评,好评,好评,好评,好评,好评,否,,好评,好评,好评,好评,中评,好评,差评,差评,,好评,好评,中评,中评,中评,严重抱怨,中评,中评,差评
20,21,天津,金牌会员,低,android客户端,2016-12-31 17:59:00,好评,中评,中评,是,是,是,否,是,好评,配送员安装,好评,中评,好评,好评,好评,是,是,否,是,否,是,是,售前咨询,好评,否,,,否,,否,,好评,好评,是,海尔（Haier) 7.2公斤直驱变频波轮全自动洗衣机 静音洗涤 特色消毒洗 EB72BM2JD,未明显变动,,持平,,中评,中评,中评,中评,中评,中评,否,,中评,中评,中评,差评,中评,中评,中评,好评,好评,中评,中评,好评,好评,好评,没有抱怨,中评,中评,中评
21,22,福建,钻石会员,低,iphone客户端,2016-12-31 22:18:00,好评,好评,好评,是,是,是,否,是,中评,配送员安装,好评,中评,中评,中评,中评,否,是,否,是,否,否,是,质量问题,差评,否,,,是,差评,否,,差评,中评,是,海尔（Haier) 7.2公斤直驱变频波轮全自动洗衣机 静音洗涤 特色消毒洗 EB72BM2JD,未明显变动,,持平,,中评,中评,中评,中评,中评,中评,是,好评,中评,中评,中评,中评,中评,中评,差评,中评,差评,差评,好评,好评,好评,好评,中等抱怨,差评,差评,差评
22,23,,银牌会员,低,android客户端,2017-01-13 10:59:00,中评,中评,好评,是,是,是,是,是,好评,配送员安装,好评,好评,好评,好评,好评,否,是,否,否,否,否,否,,,否,,,否,,否,,,,,海尔（Haier) 7.2公斤直驱变频波轮全自动洗衣机 静音洗涤 特色消毒洗 EB72BM2JD,未明显变动,,持平,,中评,中评,中评,中评,中评,好评,否,,中评,好评,好评,好评,中评,中评,好评,好评,,好评,好评,好评,好评,好评,没有抱怨,好评,好评,好评
23,24,广东,银牌会员,低,android客户端,2017-01-01 20:35:00,中评,中评,好评,是,是,是,否,是,好评,配送员安装,好评,好评,好评,好评,好评,否,是,否,否,否,否,否,,,否,,,否,,否,,,,,海尔（Haier) 7.2公斤直驱变频波轮全自动洗衣机 静音洗涤 特色消毒洗 EB72BM2JD,未明显变动,,持平,,中评,中评,中评,中评,中评,差评,否,,中评,中评,中评,中评,中评,中评,好评,中评,,差评,中评,中评,好评,好评,中等抱怨,差评,中评,差评
24,25,辽宁,金牌会员,低,android客户端,2017-01-15 20:42:00,中评,中评,中评,是,是,是,否,是,中评,配送员安装,好评,中评,中评,中评,中评,否,是,否,否,否,否,否,,,否,,,否,,否,,,,,海尔（Haier) 7.2公斤直驱变频波轮全自动洗衣机 静音洗涤 特色消毒洗 EB72BM2JD,未明显变动,,持平,,好评,中评,好评,中评,中评,中评,否,,好评,好评,好评,好评,中评,中评,中评,中评,,好评,好评,好评,好评,好评,没有抱怨,好评,好评,好评
25,26,江苏,银牌会员,低,android客户端,2017-01-15 00:51:00,差评,中评,中评,是,是,是,否,是,好评,配送员安装,好评,好评,好评,好评,好评,否,是,否,否,否,否,否,,,否,,,否,,否,,,,,海尔（Haier) 7.2公斤直驱变频波轮全自动洗衣机 静音洗涤 特色消毒洗 EB72BM2JD,未明显变动,,持平,,好评,好评,好评,好评,好评,好评,否,,好评,好评,好评,好评,中评,好评,好评,好评,,好评,好评,好评,好评,好评,没有抱怨,好评,好评,好评
26,27,湖北,银牌会员,低,iphone客户端,2017-01-03 16:39:00,好评,中评,好评,是,是,是,否,是,中评,配送员安装,好评,好评,好评,好评,好评,否,是,否,否,否,否,否,,,否,,,否,,否,,,,,海尔（Haier) 7.2公斤直驱变频波轮全自动洗衣机 静音洗涤 特色消毒洗 EB72BM2JD,未明显变动,,本产品低,高,好评,中评,中评,中评,中评,中评,否,,中评,好评,好评,好评,好评,好评,好评,好评,,好评,好评,好评,好评,好评,没有抱怨,好评,好评,好评
27,28,山东,钻石会员,低,android客户端,2017-01-13 12:49:00,中评,好评,好评,是,是,是,否,是,好评,配送员安装,好评,好评,好评,好评,好评,否,是,否,否,否,否,否,,,否,,,否,,否,,,,,海尔（Haier) 7.2公斤直驱变频波轮全自动洗衣机 静音洗涤 特色消毒洗 EB72BM2JD,未明显变动,,持平,,好评,差评,好评,中评,中评,中评,否,,差评,好评,好评,好评,中评,好评,好评,好评,,中评,好评,好评,好评,好评,轻微抱怨,好评,好评,中评
28,29,,钻石会员,低,iphone客户端,2017-01-01 14:08:00,好评,好评,好评,是,是,是,否,是,好评,配送员安装,好评,好评,好评,好评,好评,否,是,是,否,否,否,否,,,否,,,否,,否,,,,,海尔（Haier) 7.2公斤直驱变频波轮全自动洗衣机 静音洗涤 特色消毒洗 EB72BM2JD,未明显变动,,持平,,好评,中评,中评,中评,中评,中评,否,,好评,中评,好评,好评,中评,好评,好评,好评,,好评,好评,好评,好评,好评,没有抱怨,好评,好评,好评
29,30,北京,金牌会员,低,iphone客户端,2017-01-08 10:02:00,好评,好评,好评,是,是,是,否,是,中评,配送员安装,好评,好评,好评,好评,好评,否,是,否,否,否,否,否,,,否,,,否,,否,,,,,海尔（Haier) 7.2公斤直驱变频波轮全自动洗衣机 静音洗涤 特色消毒洗 EB72BM2JD,未明显变动,,持平,,中评,好评,差评,好评,中评,中评,否,,中评,中评,差评,好评,中评,好评,好评,好评,,好评,好评,好评,好评,好评,轻微抱怨,好评,好评,好评
30,31,广东,银牌会员,低,android客户端,2017-01-14 09:29:00,中评,中评,中评,是,是,是,否,是,中评,配送员安装,好评,中评,差评,中评,中评,否,是,否,否,否,否,否,,,否,,,否,,否,,,,,海尔（Haier) 7.2公斤直驱变频波轮全自动洗衣机 静音洗涤 特色消毒洗 EB72BM2JD,未明显变动,,持平,,中评,中评,中评,好评,中评,差评,否,,中评,中评,好评,中评,中评,中评,中评,中评,,中评,中评,中评,好评,好评,中等抱怨,差评,差评,中评
31,32,新疆,钻石会员,低,android客户端,2017-01-09 12:09:00,好评,中评,中评,是,是,是,否,是,中评,次日,中评,中评,中评,中评,中评,否,是,否,是,否,否,是,预约安装,好评,否,,,否,,否,,中评,中评,差评,海尔（Haier) 7.2公斤直驱变频波轮全自动洗衣机 静音洗涤 特色消毒洗 EB72BM2JD,未明显变动,,持平,,好评,中评,中评,中评,中评,中评,否,,差评,中评,中评,好评,中评,好评,好评,好评,中评,好评,好评,好评,好评,好评,没有抱怨,中评,好评,中评
32,33,北京,钻石会员,低,iphone客户端,2017-01-15 22:22:00,中评,中评,中评,是,是,是,否,是,中评,配送员安装,好评,中评,中评,中评,中评,否,是,否,否,否,否,否,,,否,,,否,,否,,,,,海尔（Haier) 7.2公斤直驱变频波轮全自动洗衣机 静音洗涤 特色消毒洗 EB72BM2JD,未明显变动,,持平,,中评,中评,差评,中评,中评,中评,是,差评,中评,差评,差评,中评,好评,中评,中评,中评,,差评,差评,差评,中评,中评,严重抱怨,差评,差评,差评
33,34,,铜牌会员,低,iphone客户端,2016-12-03 15:52:00,中评,中评,中评,否,是,是,否,是,中评,配送员安装,好评,中评,中评,中评,中评,否,是,否,是,否,否,是,质量问题,好评,否,,,否,,否,,好评,好评,差评,海尔（Haier) 7.2公斤直驱变频波轮全自动洗衣机 静音洗涤 特色消毒洗 EB72BM2JD,购买价格便宜,低,本产品低,高,中评,中评,差评,中评,中评,中评,是,中评,中评,差评,差评,好评,差评,好评,中评,好评,好评,差评,差评,差评,中评,中评,中等抱怨,差评,中评,差评
34,35,,铜牌会员,低,iphone客户端,2017-01-09 19:03:00,好评,中评,中评,是,是,是,否,是,中评,配送员安装,好评,中评,中评,中评,中评,否,是,否,否,否,否,否,,,否,,,否,,否,,,,,海尔（Haier) 7.2公斤直驱变频波轮全自动洗衣机 静音洗涤 特色消毒洗 EB72BM2JD,未明显变动,,本产品低,高,中评,中评,差评,中评,好评,中评,否,,中评,中评,中评,好评,好评,中评,中评,中评,,差评,中评,中评,中评,中评,轻微抱怨,中评,差评,差评
35,36,广东,银牌会员,低,android客户端,2017-01-18 12:25:00,中评,中评,中评,是,是,是,否,是,中评,配送员安装,好评,中评,中评,中评,中评,否,是,否,否,否,否,否,,,否,,,否,,否,,,,,海尔（Haier) 7.2公斤直驱变频波轮全自动洗衣机 静音洗涤 特色消毒洗 EB72BM2JD,未明显变动,,持平,,差评,中评,中评,中评,中评,中评,否,,差评,差评,差评,差评,中评,中评,中评,中评,,差评,差评,差评,中评,中评,严重抱怨,差评,中评,差评
36,37,,银牌会员,低,android客户端,2017-01-14 11:44:00,中评,中评,中评,是,是,是,否,是,中评,配送员安装,好评,中评,中评,中评,中评,否,是,否,否,否,否,否,,,否,,,否,,否,,,,,海尔（Haier) 7.2公斤直驱变频波轮全自动洗衣机 静音洗涤 特色消毒洗 EB72BM2JD,未明显变动,,持平,,中评,中评,中评,中评,差评,差评,否,,中评,差评,差评,中评,中评,中评,中评,中评,,差评,中评,差评,中评,中评,轻微抱怨,差评,中评,差评
37,38,北京,钻石会员,低,iphone客户端,2017-01-03 10:10:00,中评,中评,中评,否,是,是,否,是,中评,配送员安装,好评,中评,中评,中评,中评,否,是,否,否,否,否,否,,,否,,,否,,否,,,,,海尔（Haier) 7.2公斤直驱变频波轮全自动洗衣机 静音洗涤 特色消毒洗 EB72BM2JD,未明显变动,,本产品低,高,中评,中评,差评,中评,中评,中评,否,,中评,差评,差评,中评,中评,差评,中评,中评,,差评,差评,差评,中评,中评,严重抱怨,差评,差评,差评
38,39,陕西,金牌会员,低,android客户端,2016-12-07 12:47:00,好评,差评,差评,否,是,是,否,是,中评,配送员安装,好评,中评,中评,中评,中评,否,是,否,否,否,否,否,,,否,,,否,,否,,,,,海尔（Haier) 7.2公斤直驱变频波轮全自动洗衣机 静音洗涤 特色消毒洗 EB72BM2JD,未明显变动,,持平,,中评,中评,差评,中评,中评,中评,否,,中评,中评,中评,中评,中评,差评,差评,中评,,差评,差评,差评,中评,中评,中等抱怨,差评,差评,差评
39,40,上海,钻石会员,低,android客户端,2016-12-08 07:10:00,差评,中评,中评,是,是,否,否,是,中评,配送员安装,好评,中评,中评,中评,中评,否,否,否,否,否,否,否,,,否,,,否,,否,,,,,海尔（Haier) 7.2公斤直驱变频波轮全自动洗衣机 静音洗涤 特色消毒洗 EB72BM2JD,未明显变动,,持平,,中评,中评,中评,中评,中评,差评,否,,差评,差评,中评,中评,差评,中评,差评,中评,,差评,差评,差评,差评,中评,严重抱怨,差评,差评,差评
40,41,吉林,银牌会员,低,android客户端,2016-11-26 17:12:00,中评,中评,中评,是,是,是,否,是,好评,配送员安装,好评,中评,好评,中评,好评,否,是,否,是,否,否,是,质量问题,好评,是,差评,差评,否,,否,,好评,好评,差评,海尔（Haier) 7.2公斤直驱变频波轮全自动洗衣机 静音洗涤 特色消毒洗 EB72BM2JD,未明显变动,,持平,,中评,中评,中评,中评,中评,中评,是,差评,中评,中评,差评,中评,中评,中评,中评,好评,好评,中评,中评,中评,中评,中评,轻微抱怨,差评,中评,差评
41,42,山东,金牌会员,低,android客户端,2017-01-11 10:00:00,好评,中评,中评,是,是,否,否,是,中评,配送员安装,好评,中评,中评,中评,中评,否,是,否,否,否,否,否,,,否,,,否,,否,,,,,海尔（Haier) 7.2公斤直驱变频波轮全自动洗衣机 静音洗涤 特色消毒洗 EB72BM2JD,未明显变动,,持平,,差评,中评,差评,中评,中评,差评,否,,中评,中评,差评,差评,中评,中评,中评,中评,,差评,差评,差评,中评,中评,中等抱怨,差评,中评,差评
42,43,,银牌会员,低,微信购物,2017-01-16 11:19:00,好评,好评,中评,是,是,是,否,是,中评,配送员安装,好评,中评,差评,差评,中评,否,是,否,是,否,否,是,质量问题,差评,否,,,否,,否,,差评,差评,否,海尔（Haier) 7.2公斤直驱变频波轮全自动洗衣机 静音洗涤 特色消毒洗 EB72BM2JD,未明显变动,,持平,,中评,中评,中评,差评,中评,中评,是,差评,中评,差评,差评,中评,中评,中评,中评,中评,差评,差评,差评,差评,中评,中评,严重抱怨,差评,差评,差评
43,44,山西,金牌会员,低,android客户端,2017-01-04 10:36:00,好评,好评,好评,是,否,是,否,是,好评,配送员安装,好评,好评,好评,好评,好评,否,是,否,是,是,否,是,物流配送,好评,否,,,是,差评,否,,好评,好评,差评,海尔（Haier) 7.2公斤直驱变频波轮全自动洗衣机 静音洗涤 特色消毒洗 EB72BM2JD,未明显变动,,持平,,中评,中评,差评,中评,中评,中评,否,,中评,差评,中评,中评,中评,好评,差评,中评,好评,差评,差评,差评,中评,中评,轻微抱怨,差评,中评,差评
44,45,广东,银牌会员,低,android客户端,2016-12-15 00:07:00,中评,中评,中评,是,是,是,否,是,中评,配送员安装,好评,中评,中评,中评,中评,否,是,否,是,否,否,是,质量问题,中评,否,,,是,差评,否,,中评,中评,差评,海尔（Haier) 7.2公斤直驱变频波轮全自动洗衣机 静音洗涤 特色消毒洗 EB72BM2JD,未明显变动,,持平,,中评,中评,中评,差评,中评,中评,是,好评,中评,中评,差评,差评,中评,好评,好评,好评,中评,差评,差评,差评,中评,中评,严重抱怨,差评,差评,差评
45,46,广西,钻石会员,低,iphone客户端,2017-01-05 19:38:00,好评,好评,中评,是,是,是,否,是,中评,无安装服务,,中评,中评,中评,中评,否,是,否,是,否,否,是,预约安装,差评,否,,,否,,否,,差评,差评,否,海尔（Haier) 7.2公斤直驱变频波轮全自动洗衣机 静音洗涤 特色消毒洗 EB72BM2JD,未明显变动,,持平,,中评,中评,中评,中评,中评,中评,否,,中评,差评,中评,中评,中评,差评,好评,中评,差评,中评,中评,差评,中评,中评,中等抱怨,差评,差评,差评
46,47,海南,钻石会员,低,android客户端,2017-01-20 18:14:00,差评,好评,中评,是,是,是,否,是,中评,配送员安装,好评,好评,好评,好评,好评,是,是,否,否,否,否,否,,,否,,,否,,否,,,,,海尔（Haier) 7.2公斤直驱变频波轮全自动洗衣机 静音洗涤 特色消毒洗 EB72BM2JD,未明显变动,,持平,,中评,中评,差评,中评,中评,中评,否,,中评,差评,差评,中评,中评,好评,好评,差评,,中评,中评,中评,中评,中评,中等抱怨,中评,中评,中评
47,48,湖北,金牌会员,低,android客户端,2017-01-02 16:49:00,中评,中评,中评,是,是,是,否,是,中评,无安装服务,,,,,,,,,是,否,否,是,预约安装,差评,否,,,否,,否,,差评,差评,否,海尔（Haier) 7.2公斤直驱变频波轮全自动洗衣机 静音洗涤 特色消毒洗 EB72BM2JD,未明显变动,,持平,,中评,中评,中评,中评,中评,中评,否,,中评,差评,差评,差评,中评,中评,中评,差评,差评,中评,中评,差评,中评,中评,严重抱怨,差评,差评,差评
48,49,,银牌会员,低,iphone客户端,2017-01-13 23:45:00,好评,好评,好评,是,是,是,否,是,好评,无安装服务,,,,,,,,,是,否,否,是,预约安装,差评,否,,,否,,否,,差评,差评,差评,海尔（Haier) 7.2公斤直驱变频波轮全自动洗衣机 静音洗涤 特色消毒洗 EB72BM2JD,未明显变动,,持平,,中评,中评,中评,中评,中评,中评,否,,中评,差评,差评,差评,中评,好评,好评,差评,差评,中评,中评,差评,中评,中评,中等抱怨,差评,差评,差评
49,50,黑龙江,银牌会员,低,网页购物,2017-01-04 20:38:00,好评,好评,好评,是,是,是,否,是,中评,配送员安装,好评,中评,中评,中评,中评,否,是,否,是,否,否,是,质量问题,中评,是,差评,差评,否,,否,,中评,中评,差评,海尔（Haier) 7.2公斤直驱变频波轮全自动洗衣机 静音洗涤 特色消毒洗 EB72BM2JD,未明显变动,,持平,,中评,中评,中评,中评,中评,差评,是,中评,中评,差评,差评,差评,中评,好评,好评,中评,中评,差评,差评,差评,中评,中评,严重抱怨,差评,差评,差评
50,51,北京,钻石会员,低,iphone客户端,2017-01-18 07:53:00,好评,中评,中评,是,是,是,否,是,中评,配送员安装,好评,中评,中评,中评,中评,否,是,否,否,否,否,否,,,否,,,否,,否,,,,,海尔（Haier) 7.2公斤直驱变频波轮全自动洗衣机 静音洗涤 特色消毒洗 EB72BM2JD,未明显变动,,持平,,差评,中评,差评,好评,中评,中评,否,,中评,中评,差评,中评,中评,中评,中评,中评,,中评,差评,差评,中评,中评,严重抱怨,差评,中评,差评
51,52,,钻石会员,低,android客户端,2016-12-10 22:13:00,中评,中评,中评,是,是,是,否,是,差评,配送员安装,好评,好评,中评,中评,差评,是,是,否,否,否,否,否,,,否,,,否,,否,,,,,海尔（Haier) 7.2公斤直驱变频波轮全自动洗衣机 静音洗涤 特色消毒洗 EB72BM2JD,未明显变动,,持平,,中评,中评,中评,中评,中评,中评,否,,中评,差评,差评,中评,中评,中评,中评,差评,差评,中评,中评,差评,中评,中评,中等抱怨,中评,差评,差评
52,53,广东,银牌会员,低,iphone客户端,2016-12-03 12:31:00,好评,中评,中评,是,否,是,是,否,差评,,中评,中评,中评,中评,中评,否,是,否,否,否,否,否,,,否,,,否,,否,,,,,海尔（Haier) 7.2公斤直驱变频波轮全自动洗衣机 静音洗涤 特色消毒洗 EB72BM2JD,未明显变动,,持平,,中评,中评,中评,中评,中评,中评,否,,中评,中评,中评,中评,中评,差评,差评,中评,,中评,差评,差评,差评,差评,严重抱怨,差评,差评,差评
53,54,广东,银牌会员,低,微信购物,2017-01-02 22:14:00,中评,中评,中评,是,否,是,否,是,中评,,中评,中评,中评,中评,中评,否,是,否,是,否,否,是,物流配送,中评,否,,,是,差评,否,,中评,中评,是,海尔（Haier) 7.2公斤直驱变频波轮全自动洗衣机 静音洗涤 特色消毒洗 EB72BM2JD,未明显变动,,持平,,中评,中评,中评,中评,中评,中评,否,,中评,差评,差评,中评,中评,中评,中评,中评,好评,中评,差评,差评,差评,差评,严重抱怨,差评,差评,差评
54,55,江苏,银牌会员,低,android客户端,2016-12-24 23:53:00,好评,差评,差评,否,是,是,否,是,中评,配送员安装,好评,中评,中评,中评,中评,否,是,否,否,否,否,否,,,否,,,否,,否,,,,,海尔（Haier) 7.2公斤直驱变频波轮全自动洗衣机 静音洗涤 特色消毒洗 EB72BM2JD,未明显变动,,持平,,中评,中评,中评,差评,中评,差评,否,,中评,差评,差评,差评,中评,好评,差评,中评,,差评,中评,差评,差评,差评,中等抱怨,差评,中评,差评
55,56,广东,钻石会员,低,android客户端,2016-12-23 11:03:00,中评,中评,中评,是,是,是,否,是,中评,配送员安装,好评,中评,差评,中评,中评,否,是,否,是,是,是,是,售前咨询,好评,是,差评,差评,否,,否,,好评,好评,是,海尔（Haier) 7.2公斤直驱变频波轮全自动洗衣机 静音洗涤 特色消毒洗 EB72BM2JD,未明显变动,,持平,,中评,中评,中评,差评,中评,差评,是,差评,中评,中评,差评,差评,中评,中评,中评,好评,好评,差评,差评,差评,差评,差评,中等抱怨,差评,好评,差评
56,57,浙江,钻石会员,低,iphone客户端,2016-12-06 20:27:00,好评,中评,中评,是,是,是,否,是,中评,配送员安装,好评,中评,差评,中评,差评,否,是,否,是,是,否,否,,,是,差评,差评,否,,否,,,,,海尔（Haier) 7.2公斤直驱变频波轮全自动洗衣机 静音洗涤 特色消毒洗 EB72BM2JD,未明显变动,,持平,,中评,中评,中评,中评,中评,中评,否,,中评,差评,差评,中评,中评,好评,中评,差评,中评,中评,中评,差评,差评,差评,中等抱怨,差评,差评,差评
57,58,北京,银牌会员,低,android客户端,2016-12-16 11:17:00,差评,中评,中评,是,是,否,否,是,中评,配送员安装,好评,中评,中评,中评,中评,否,是,否,否,否,否,否,,,否,,,否,,否,,,,,海尔（Haier) 7.2公斤直驱变频波轮全自动洗衣机 静音洗涤 特色消毒洗 EB72BM2JD,未明显变动,,持平,,中评,中评,中评,中评,差评,差评,否,,中评,差评,差评,差评,差评,中评,中评,中评,,差评,差评,差评,差评,差评,严重抱怨,差评,差评,差评
58,59,四川,金牌会员,低,android客户端,2017-01-03 16:57:00,中评,差评,差评,否,是,是,否,是,差评,,中评,中评,中评,中评,中评,否,是,否,是,否,否,是,物流配送,中评,否,,,否,,否,,中评,差评,是,海尔（Haier) 7.2公斤直驱变频波轮全自动洗衣机 静音洗涤 特色消毒洗 EB72BM2JD,未明显变动,,持平,,中评,中评,中评,中评,中评,中评,否,,中评,差评,差评,中评,中评,中评,差评,中评,差评,中评,中评,差评,差评,差评,严重抱怨,差评,差评,差评
59,60,,钻石会员,中,android客户端,2016-03-27 22:34:00,好评,中评,差评,否,是,是,否,是,差评,三到七日,差评,好评,好评,好评,好评,是,是,否,是,否,否,是,物流配送,差评,否,,,否,,否,,差评,中评,是,海尔（Haier）KFR-35GW/15DEA22AU1套机 劲铂自清洁 1.5匹 变频挂机 智能 除甲醛 二级能效 冷暖 壁挂式空调,未明显变动,,持平,,中评,中评,中评,中评,中评,中评,否,,中评,差评,中评,差评,中评,中评,差评,差评,,中评,中评,中评,中评,中评,中等抱怨,中评,中评,差评
60,61,浙江,钻石会员,中,iphone客户端,2016-11-25 13:25:00,中评,中评,中评,是,是,是,否,是,中评,,中评,中评,中评,差评,差评,否,是,否,否,否,否,否,,,否,,,否,,否,,,,,海尔（Haier）KFR-35GW/15DEA22AU1套机 劲铂自清洁 1.5匹 变频挂机 智能 除甲醛 二级能效 冷暖 壁挂式空调,未明显变动,,持平,,差评,中评,中评,中评,中评,中评,否,,差评,差评,差评,差评,中评,中评,中评,中评,,中评,差评,差评,中评,中评,严重抱怨,差评,差评,差评
61,62,山东,钻石会员,中,android客户端,2016-05-09 13:02:00,中评,中评,中评,是,是,是,否,是,中评,,中评,中评,差评,差评,差评,否,是,否,否,否,否,否,,,否,,,否,,否,,,,,海尔（Haier）KFR-35GW/15DEA22AU1套机 劲铂自清洁 1.5匹 变频挂机 智能 除甲醛 二级能效 冷暖 壁挂式空调,未明显变动,,持平,,中评,中评,中评,中评,中评,中评,否,,中评,差评,中评,中评,中评,中评,中评,差评,,中评,中评,差评,差评,差评,严重抱怨,中评,中评,中评
62,63,江苏,金牌会员,中,网页购物,2016-08-01 16:56:00,差评,中评,中评,是,是,是,否,是,中评,次日,中评,中评,中评,好评,好评,否,是,否,是,否,否,是,质量问题,中评,否,,,是,否,否,,差评,差评,否,海尔（Haier）KFR-35GW/15DEA22AU1套机 劲铂自清洁 1.5匹 变频挂机 智能 除甲醛 二级能效 冷暖 壁挂式空调,未明显变动,,持平,,中评,中评,中评,中评,中评,中评,是,好评,中评,中评,差评,中评,中评,中评,中评,差评,差评,差评,中评,中评,差评,差评,严重抱怨,差评,差评,差评
63,64,四川,钻石会员,中,android客户端,2016-06-14 00:18:00,好评,好评,中评,是,是,是,否,是,中评,,中评,中评,中评,中评,中评,否,是,否,是,否,否,是,质量问题,中评,否,,,否,,否,,中评,中评,否,海尔（Haier）KFR-35GW/15DEA22AU1套机 劲铂自清洁 1.5匹 变频挂机 智能 除甲醛 二级能效 冷暖 壁挂式空调,未明显变动,,持平,,中评,中评,差评,中评,中评,中评,是,好评,中评,差评,差评,差评,中评,中评,中评,中评,差评,差评,差评,差评,差评,差评,严重抱怨,差评,差评,差评
64,65,新疆,金牌会员,中,网页购物,2016-06-15 13:47:00,中评,差评,差评,否,是,是,否,是,中评,无安装服务,,,,,,,,,是,否,否,是,预约安装,差评,否,,,否,,否,,差评,差评,否,海尔（Haier）KFR-35GW/15DEA22AU1套机 劲铂自清洁 1.5匹 变频挂机 智能 除甲醛 二级能效 冷暖 壁挂式空调,未明显变动,,持平,,中评,中评,中评,中评,中评,中评,否,,中评,差评,差评,差评,中评,好评,差评,差评,差评,中评,中评,中评,差评,差评,严重抱怨,差评,差评,差评
65,66,陕西,钻石会员,中,iphone客户端,2016-10-06 11:30:00,好评,中评,差评,否,是,是,否,是,差评,无安装服务,,中评,中评,中评,中评,否,是,否,否,否,否,否,,,否,,,否,,否,,,,,海尔（Haier）KFR-35GW/15DEA22AU1套机 劲铂自清洁 1.5匹 变频挂机 智能 除甲醛 二级能效 冷暖 壁挂式空调,未明显变动,,持平,,中评,中评,中评,中评,中评,中评,否,,中评,中评,中评,差评,中评,中评,差评,差评,,中评,中评,中评,差评,差评,严重抱怨,差评,差评,差评
66,67,,银牌会员,中,网页购物,2016-06-26 14:32:00,中评,中评,中评,是,是,是,否,是,中评,次日,中评,差评,中评,中评,好评,否,是,否,是,否,否,是,质量问题,差评,否,,,是,差评,否,,差评,差评,是,海尔（Haier）KFR-35GW/15DEA22AU1套机 劲铂自清洁 1.5匹 变频挂机 智能 除甲醛 二级能效 冷暖 壁挂式空调,未明显变动,,持平,,中评,中评,中评,中评,中评,中评,是,好评,中评,差评,差评,差评,中评,中评,中评,中评,差评,差评,中评,差评,差评,差评,严重抱怨,差评,差评,差评
67,68,江西,钻石会员,中,android客户端,2017-01-17 18:39:00,中评,中评,中评,是,是,是,否,是,中评,半天内,好评,好评,好评,好评,好评,否,是,否,否,否,否,否,,,否,,,否,,否,,,,,海尔(Haier)60升APP智能控制 动态增容 预约洗浴中温保温 防电墙电热水器EC6002-D6(U1) 一级能效,未明显变动,,持平,,好评,好评,中评,中评,好评,中评,否,,好评,好评,好评,好评,中评,中评,中评,好评,,好评,好评,好评,好评,好评,没有抱怨,好评,好评,好评
68,69,,铜牌会员,中,android客户端,2017-01-20 07:59:00,中评,中评,中评,是,是,是,否,是,中评,,中评,中评,中评,中评,中评,否,是,否,是,否,否,是,质量问题,好评,否,,,否,,是,否,差评,差评,否,海尔(Haier)60升APP智能控制 动态增容 预约洗浴中温保温 防电墙电热水器EC6002-D6(U1) 一级能效,未明显变动,,持平,,中评,中评,差评,中评,中评,中评,是,中评,中评,差评,差评,差评,中评,中评,中评,中评,差评,差评,差评,差评,差评,差评,严重抱怨,差评,差评,差评
69,70,辽宁,银牌会员,低,android客户端,2016-12-14 21:32:00,好评,好评,好评,是,是,是,否,是,中评,配送员安装,好评,好评,好评,好评,好评,否,是,否,否,否,否,否,,,否,,,否,,否,,,,,海尔（Haier）360°立体拢烟 低噪音侧吸式油烟机 CXW-200-C150,未明显变动,,持平,,中评,中评,中评,中评,中评,中评,否,,中评,好评,中评,好评,中评,好评,好评,好评,,好评,好评,好评,好评,好评,没有抱怨,好评,好评,好评
70,71,河南,钻石会员,低,android客户端,2016-12-09 22:38:00,好评,中评,中评,是,是,是,否,是,中评,,中评,中评,中评,差评,差评,是,是,否,否,否,否,否,,,否,,,否,,否,,,,,海尔（Haier）360°立体拢烟 低噪音侧吸式油烟机 CXW-200-C150,未明显变动,,持平,,中评,中评,中评,中评,中评,中评,否,,中评,差评,差评,差评,中评,中评,中评,差评,,中评,中评,差评,差评,中评,严重抱怨,差评,差评,差评
71,72,北京,钻石会员,低,iphone客户端,2016-12-05 00:40:00,好评,好评,差评,否,是,是,否,是,中评,,中评,中评,中评,差评,中评,是,是,否,否,否,否,否,,,否,,,否,,否,,,,,海尔（Haier）360°立体拢烟 低噪音侧吸式油烟机 CXW-200-C150,未明显变动,,持平,,好评,好评,好评,好评,好评,好评,否,,好评,差评,中评,中评,中评,差评,差评,中评,,中评,中评,中评,中评,中评,中等抱怨,差评,差评,差评
72,73,天津,金牌会员,低,微信购物,2016-11-14 22:16:00,中评,中评,中评,是,是,是,否,是,中评,,中评,好评,好评,好评,好评,否,是,否,否,否,否,否,,,否,,,否,,否,,,,,海尔（Haier）360°立体拢烟 低噪音侧吸式油烟机 CXW-200-C150,未明显变动,,持平,,中评,中评,差评,差评,中评,中评,否,,中评,中评,差评,差评,中评,中评,中评,好评,,差评,中评,中评,中评,中评,轻微抱怨,差评,差评,差评
73,74,,银牌会员,低,iphone客户端,2017-01-23 15:59:00,中评,好评,好评,是,是,是,否,是,好评,第三日,差评,中评,中评,差评,差评,否,是,否,否,否,否,否,,,否,,,否,,否,,,,,海尔（Haier）360°立体拢烟 低噪音侧吸式油烟机 CXW-200-C150,未明显变动,,持平,,好评,好评,好评,好评,好评,好评,否,,好评,中评,好评,好评,中评,好评,好评,中评,差评,好评,好评,好评,中评,中评,中等抱怨,中评,中评,中评
74,75,河南,PLUS会员,低,android客户端,2016-11-12 18:30:00,中评,中评,中评,是,是,是,否,是,中评,,中评,中评,中评,中评,中评,否,是,否,否,否,否,否,,,否,,,否,,否,,,,,海尔（Haier）360°立体拢烟 低噪音侧吸式油烟机 CXW-200-C150,未明显变动,,本产品高,高,中评,中评,差评,差评,差评,中评,否,,中评,中评,差评,差评,差评,中评,中评,中评,,中评,好评,中评,中评,中评,严重抱怨,差评,差评,差评
75,76,江苏,钻石会员,低,网页购物,2016-10-18 17:17:00,中评,中评,中评,是,是,是,否,是,中评,半天内,好评,好评,好评,好评,好评,否,是,否,否,否,否,否,,,否,,,否,,否,,,,,海尔（Haier）360°立体拢烟 低噪音侧吸式油烟机 CXW-200-C150,未明显变动,,持平,,中评,中评,差评,差评,中评,中评,否,,中评,好评,差评,好评,中评,好评,好评,好评,好评,好评,好评,好评,中评,中评,轻微抱怨,中评,中评,中评
76,77,广东,银牌会员,低,iphone客户端,2016-11-20 00:20:00,中评,中评,中评,是,是,是,否,是,中评,,中评,中评,中评,中评,中评,否,是,是,否,否,否,否,,,否,,,否,,否,,,,,海尔（Haier）360°立体拢烟 低噪音侧吸式油烟机 CXW-200-C150,未明显变动,,持平,,中评,中评,中评,差评,差评,中评,否,,中评,差评,差评,差评,中评,中评,中评,中评,中评,中评,差评,差评,中评,中评,轻微抱怨,差评,差评,差评
77,78,,银牌会员,低,android客户端,2017-01-19 15:41:00,好评,中评,中评,是,是,是,否,是,中评,,中评,中评,中评,中评,中评,否,是,否,是,否,是,是,效果一般,差评,否,,,否,,是,否,差评,好评,差评,海尔（Haier）360°立体拢烟 低噪音侧吸式油烟机 CXW-200-C150,未明显变动,,持平,,中评,中评,差评,中评,中评,中评,否,,中评,差评,差评,差评,中评,好评,中评,中评,中评,差评,差评,差评,差评,差评,严重抱怨,差评,差评,差评
78,79,,银牌会员,低,android客户端,2017-01-04 11:39:00,中评,好评,好评,是,是,否,否,是,好评,次日,中评,中评,中评,中评,中评,否,是,否,是,否,否,是,质量问题,好评,是,差评,否,否,,否,,好评,好评,否,海尔（Haier）360°立体拢烟 低噪音侧吸式油烟机 CXW-200-C150,未明显变动,,持平,,中评,中评,中评,中评,中评,中评,是,中评,中评,中评,差评,中评,中评,中评,中评,中评,中评,差评,中评,差评,差评,差评,严重抱怨,差评,差评,差评
79,80,广东,钻石会员,低,iphone客户端,2017-01-24 11:26:00,差评,中评,中评,是,是,是,否,是,中评,,中评,中评,中评,中评,中评,否,是,否,是,否,否,是,质量问题,差评,否,,,否,,是,否,差评,差评,否,海尔（Haier）360°立体拢烟 低噪音侧吸式油烟机 CXW-200-C150,未明显变动,,持平,,中评,中评,中评,差评,差评,中评,是,差评,中评,差评,差评,差评,中评,差评,中评,中评,差评,差评,差评,差评,差评,差评,严重抱怨,差评,差评,差评
80,81,北京,金牌会员,高,网页购物,2016-09-11 09:54:00,中评,中评,中评,是,是,是,否,是,中评,半天内,好评,好评,好评,好评,好评,否,是,否,否,否,否,否,,,否,,,否,,否,,,,,海尔(Haier)80升空气能热水器(一体壁挂式) 智能APP远程遥控电热水器 KG15/80-AE3-U1,未明显变动,,持平,,好评,好评,中评,好评,中评,中评,否,,中评,好评,好评,好评,中评,好评,中评,好评,好评,好评,好评,好评,好评,好评,没有抱怨,好评,好评,好评
81,82,,银牌会员,高,ipad客户端,2016-03-02 21:52:00,中评,中评,中评,是,是,是,否,是,中评,,中评,中评,差评,中评,中评,否,是,否,否,否,否,否,,,否,,,否,,否,,,,,海尔(Haier)80升空气能热水器(一体壁挂式) 智能APP远程遥控电热水器 KG15/80-AE3-U1,未明显变动,,持平,,好评,好评,好评,差评,中评,中评,否,,中评,好评,好评,好评,中评,中评,中评,中评,中评,好评,好评,好评,好评,好评,没有抱怨,好评,好评,好评
82,83,,钻石会员,高,android客户端,2016-11-11 21:29:00,好评,中评,中评,是,是,是,否,是,中评,三到七日,差评,中评,差评,中评,差评,否,是,否,是,否,否,是,安装问题,中评,否,,,否,,否,,中评,差评,否,海尔(Haier)80升空气能热水器(一体壁挂式) 智能APP远程遥控电热水器 KG15/80-AE3-U1,未明显变动,,持平,,中评,中评,中评,中评,中评,中评,否,,中评,差评,中评,中评,中评,中评,中评,差评,差评,中评,中评,差评,好评,好评,没有抱怨,中评,中评,差评
83,84,,银牌会员,高,iphone客户端,2015-12-21 08:55:00,中评,中评,中评,是,是,是,否,是,中评,,中评,中评,中评,中评,中评,否,是,否,是,否,否,是,价格波动,差评,否,,,否,,否,,差评,差评,否,海尔(Haier)80升空气能热水器(一体壁挂式) 智能APP远程遥控电热水器 KG15/80-AE3-U1,购买价格贵,低,持平,,中评,中评,中评,中评,中评,中评,否,,中评,中评,中评,中评,差评,中评,中评,中评,差评,好评,中评,中评,中评,中评,严重抱怨,差评,中评,差评
84,85,云南,PLUS会员,高,android客户端,2016-06-12 07:26:00,中评,中评,好评,是,是,是,否,是,好评,当天下午,中评,中评,差评,中评,中评,否,是,否,是,否,否,是,安装问题,差评,否,,,否,,否,,差评,好评,否,海尔(Haier)80升空气能热水器(一体壁挂式) 智能APP远程遥控电热水器 KG15/80-AE3-U1,未明显变动,,持平,,中评,中评,中评,中评,中评,中评,否,,中评,差评,差评,中评,中评,好评,好评,差评,中评,中评,中评,中评,差评,中评,严重抱怨,中评,差评,差评
85,86,江苏,PLUS会员,高,android客户端,2016-03-18 20:41:00,好评,中评,中评,是,是,是,否,是,中评,配送员安装,中评,好评,好评,好评,好评,否,是,否,否,否,否,否,,,否,,,否,,否,,,,,海尔(Haier)80升空气能热水器(一体壁挂式) 智能APP远程遥控电热水器 KG15/80-AE3-U1,未明显变动,,持平,,中评,中评,差评,中评,中评,中评,否,,差评,好评,差评,差评,中评,中评,中评,中评,差评,中评,差评,差评,差评,中评,中等抱怨,差评,中评,差评
86,87,,钻石会员,高,android客户端,2016-04-12 19:34:00,中评,中评,中评,是,是,是,否,是,中评,大于一周,差评,差评,中评,中评,差评,否,是,否,是,否,否,是,质量问题,差评,否,,,否,,否,,差评,差评,否,海尔(Haier)80升空气能热水器(一体壁挂式) 智能APP远程遥控电热水器 KG15/80-AE3-U1,未明显变动,,持平,,中评,中评,中评,差评,中评,中评,是,好评,中评,差评,差评,中评,中评,中评,中评,中评,差评,中评,差评,差评,差评,中评,严重抱怨,差评,差评,差评
87,88,,银牌会员,高,微信购物,2016-06-20 23:31:00,好评,中评,中评,是,是,是,否,是,中评,,中评,中评,中评,中评,中评,否,是,否,否,否,否,否,,,否,,,否,,否,,,,,海尔(Haier)80升空气能热水器(一体壁挂式) 智能APP远程遥控电热水器 KG15/80-AE3-U1,未明显变动,,持平,,中评,中评,中评,中评,差评,差评,否,,中评,中评,中评,中评,中评,差评,差评,中评,中评,差评,中评,中评,差评,差评,严重抱怨,中评,中评,中评
88,89,云南,钻石会员,高,iphone客户端,2016-06-21 09:35:00,中评,中评,中评,是,是,是,否,是,中评,无安装服务,,,,,,,是,否,否,否,否,否,,,否,,,否,,否,,,,,海尔(Haier)80升空气能热水器(一体壁挂式) 智能APP远程遥控电热水器 KG15/80-AE3-U1,未明显变动,,持平,,中评,中评,中评,中评,中评,中评,否,,中评,差评,差评,中评,中评,中评,中评,差评,差评,中评,中评,中评,差评,差评,严重抱怨,中评,中评,中评
89,90,广东,金牌会员,高,网页购物,2016-03-27 14:58:00,好评,中评,中评,是,是,是,否,是,中评,次日,中评,中评,差评,差评,差评,否,是,否,否,否,否,否,,,否,,,否,,否,,,,,海尔(Haier)80升空气能热水器(一体壁挂式) 智能APP远程遥控电热水器 KG15/80-AE3-U1,未明显变动,,持平,,中评,中评,中评,差评,中评,中评,否,,差评,中评,中评,差评,中评,中评,中评,中评,差评,中评,差评,差评,差评,差评,严重抱怨,差评,中评,差评
90,91,北京,钻石会员,高,android客户端,2016-05-01 14:00:00,中评,中评,中评,是,是,是,否,是,中评,,中评,中评,中评,中评,中评,否,是,否,是,是,否,否,,,否,,,否,,否,,,,,海尔(Haier)80升空气能热水器(一体壁挂式) 智能APP远程遥控电热水器 KG15/80-AE3-U1,未明显变动,,持平,,中评,中评,中评,差评,中评,中评,否,,好评,好评,好评,好评,中评,中评,中评,中评,好评,好评,好评,好评,好评,好评,轻微抱怨,差评,好评,中评
91,92,北京,PLUS会员,高,android客户端,2016-08-01 17:24:00,好评,中评,中评,是,是,否,否,是,中评,无安装服务,,,,,,,是,否,是,否,否,是,预约安装,差评,否,,,否,,否,,差评,差评,否,海尔(Haier)80升空气能热水器(一体壁挂式) 智能APP远程遥控电热水器 KG15/80-AE3-U1,未明显变动,,持平,,中评,中评,中评,中评,中评,中评,否,,中评,差评,差评,中评,中评,中评,差评,差评,差评,中评,中评,中评,差评,差评,严重抱怨,差评,差评,中评
92,93,,PLUS会员,高,android客户端,2016-11-13 20:07:00,差评,中评,中评,是,是,是,否,是,中评,,中评,中评,中评,中评,中评,否,是,否,否,否,否,否,,,否,,,否,,否,,,,,海尔(Haier)65升空气能热水器(一体壁挂式)智能APP远程遥控电热水器KG15/65-AE3-U1,未明显变动,,持平,,中评,中评,中评,差评,中评,中评,否,,中评,中评,好评,好评,中评,中评,中评,中评,中评,中评,中评,好评,好评,好评,没有抱怨,中评,中评,中评
93,94,广东,PLUS会员,高,android客户端,2017-01-25 17:57:00,好评,好评,好评,是,是,是,否,是,中评,,好评,中评,中评,中评,中评,否,是,否,是,否,否,是,质量问题,好评,是,中评,否,是,差评,否,,好评,好评,差评,海尔(Haier)65升空气能热水器(一体壁挂式)智能APP远程遥控电热水器KG15/65-AE3-U1,未明显变动,,持平,,中评,中评,中评,差评,中评,中评,是,好评,中评,中评,中评,中评,中评,中评,中评,中评,好评,差评,中评,中评,好评,好评,轻微抱怨,中评,中评,差评
94,95,,银牌会员,高,网页购物,2016-06-13 19:42:00,差评,中评,中评,是,是,是,否,是,中评,,中评,中评,中评,中评,中评,否,是,否,否,否,否,否,,,否,,,否,,否,,,,,海尔(Haier)65升空气能热水器(一体壁挂式)智能APP远程遥控电热水器KG15/65-AE3-U1,未明显变动,,持平,,中评,中评,中评,差评,中评,中评,否,,中评,中评,中评,中评,中评,中评,中评,中评,中评,中评,中评,中评,好评,好评,轻微抱怨,中评,中评,中评
95,96,山东,钻石会员,高,android客户端,2016-11-24 09:11:00,中评,中评,中评,是,是,是,否,是,中评,,中评,中评,中评,中评,中评,否,是,否,否,否,否,否,,,否,,,否,,否,,,,,海尔(Haier)65升空气能热水器(一体壁挂式)智能APP远程遥控电热水器KG15/65-AE3-U1,未明显变动,,持平,,中评,中评,差评,差评,中评,中评,否,,中评,中评,中评,中评,中评,中评,中评,中评,中评,中评,中评,差评,好评,好评,轻微抱怨,中评,中评,中评
96,97,,PLUS会员,高,iphone客户端,2016-03-21 09:30:00,中评,中评,中评,是,是,是,否,是,中评,,中评,中评,中评,中评,中评,否,是,否,否,否,否,否,,,否,,,否,,否,,,,,海尔(Haier)65升空气能热水器(一体壁挂式)智能APP远程遥控电热水器KG15/65-AE3-U1,未明显变动,,持平,,好评,中评,中评,中评,中评,中评,否,,中评,中评,中评,好评,中评,中评,中评,中评,中评,中评,好评,好评,好评,好评,没有抱怨,好评,中评,中评
97,98,上海,PLUS会员,高,iphone客户端,2016-07-29 22:12:00,好评,中评,中评,是,是,是,否,是,中评,,中评,中评,差评,中评,差评,否,是,否,否,否,否,否,,,否,,,否,,否,,,,,海尔(Haier)65升空气能热水器(一体壁挂式)智能APP远程遥控电热水器KG15/65-AE3-U1,未明显变动,,持平,,中评,中评,中评,差评,中评,中评,否,,差评,差评,差评,中评,中评,中评,中评,差评,差评,中评,中评,中评,好评,好评,轻微抱怨,中评,差评,中评
98,99,,PLUS会员,高,网页购物,2016-06-20 11:43:00,中评,中评,中评,是,是,是,否,是,中评,第三日,中评,中评,中评,差评,差评,否,是,否,是,否,否,是,质量问题,差评,否,,,否,,否,,差评,差评,否,海尔(Haier)65升空气能热水器(一体壁挂式)智能APP远程遥控电热水器KG15/65-AE3-U1,未明显变动,,持平,,中评,中评,中评,差评,中评,中评,是,差评,差评,差评,差评,差评,中评,中评,中评,差评,差评,中评,中评,差评,中评,中评,严重抱怨,差评,差评,差评
99,100,,银牌会员,高,iphone客户端,2016-08-21 00:36:00,中评,中评,中评,是,是,是,否,是,中评,三到七日,差评,差评,差评,差评,差评,否,是,否,否,否,否,否,,,否,,,否,,否,,,,,海尔(Haier)65升空气能热水器(一体壁挂式)智能APP远程遥控电热水器KG15/65-AE3-U1,未明显变动,,持平,,中评,中评,中评,中评,中评,中评,否,,差评,差评,差评,中评,中评,中评,中评,差评,中评,中评,中评,中评,差评,中评,中等抱怨,中评,中评,中评
100,101,广东,金牌会员,中,网页购物,2017-02-09 21:26:00,好评,好评,好评,是,是,是,否,是,中评,配送员安装,好评,好评,好评,好评,好评,否,是,否,否,否,否,否,,,否,,,否,,否,,,,,海尔（Haier）8公斤 变频滚筒洗衣机 消毒洗 3年质保 EG8012B29WE,未明显变动,,持平,,中评,好评,好评,好评,中评,中评,否,,中评,好评,好评,好评,中评,好评,好评,好评,,好评,中评,好评,好评,好评,没有抱怨,中评,好评,好评
101,102,重庆,银牌会员,中,android客户端,2017-02-06 10:16:00,中评,中评,中评,是,是,是,否,是,中评,,中评,中评,中评,中评,中评,否,是,否,否,否,否,否,,,否,,,否,,否,,,,,海尔（Haier）8公斤 变频滚筒洗衣机 消毒洗 3年质保 EG8012B29WE,未明显变动,,本产品低,中,中评,中评,中评,中评,中评,中评,否,,中评,好评,好评,好评,好评,中评,中评,中评,,好评,中评,中评,好评,好评,没有抱怨,中评,好评,好评
102,103,,金牌会员,中,android客户端,2017-02-05 21:52:00,中评,差评,差评,是,是,是,否,是,好评,配送员安装,好评,好评,好评,好评,好评,否,是,否,否,否,否,否,,,否,,,否,,否,,,,,海尔（Haier）8公斤 变频滚筒洗衣机 消毒洗 3年质保 EG8012B29WE,未明显变动,,持平,,中评,中评,好评,好评,中评,中评,否,,中评,好评,好评,好评,好评,中评,差评,好评,,好评,中评,中评,好评,好评,没有抱怨,中评,好评,好评
103,104,浙江,金牌会员,中,android客户端,2017-02-07 13:42:00,中评,好评,好评,是,是,是,否,是,好评,配送员安装,好评,好评,好评,好评,好评,否,是,否,否,否,否,否,,,否,,,否,,否,,,,,海尔（Haier）8公斤 变频滚筒洗衣机 消毒洗 3年质保 EG8012B29WE,未明显变动,,本产品低,高,中评,中评,中评,差评,中评,中评,否,,中评,好评,中评,好评,好评,中评,好评,好评,,差评,中评,中评,好评,好评,轻微抱怨,中评,好评,中评
104,105,上海,钻石会员,中,iphone客户端,2017-02-09 10:28:00,中评,中评,中评,是,是,是,否,是,中评,次日,中评,中评,中评,中评,中评,否,是,否,否,否,否,否,,,否,,,否,,否,,,,,海尔（Haier）8公斤 变频滚筒洗衣机 消毒洗 3年质保 EG8012B29WE,未明显变动,,持平,,中评,中评,好评,中评,中评,中评,否,,中评,好评,好评,中评,中评,中评,中评,好评,,好评,中评,中评,好评,好评,没有抱怨,好评,好评,好评
105,106,,钻石会员,中,android客户端,2017-02-04 23:05:00,中评,中评,中评,是,是,是,是,是,好评,配送员安装,好评,好评,好评,好评,好评,否,是,否,否,否,否,否,,,否,,,否,,否,,,,,海尔（Haier）8公斤 变频滚筒洗衣机 消毒洗 3年质保 EG8012B29WE,未明显变动,,持平,,中评,中评,中评,中评,中评,中评,否,,中评,好评,中评,中评,中评,中评,好评,好评,,中评,中评,中评,好评,好评,没有抱怨,中评,好评,好评
106,107,,银牌会员,中,android客户端,2017-02-10 17:04:00,中评,中评,中评,是,是,是,是,是,好评,配送员安装,好评,中评,中评,中评,好评,否,是,否,否,否,否,否,,,否,,,否,,否,,,,,海尔（Haier）8公斤 变频滚筒洗衣机 消毒洗 3年质保 EG8012B29WE,未明显变动,,持平,,中评,中评,中评,中评,好评,好评,否,,中评,好评,中评,中评,中评,中评,好评,好评,,好评,好评,好评,好评,好评,没有抱怨,好评,好评,好评
107,108,,金牌会员,中,android客户端,2017-02-09 18:50:00,中评,中评,中评,是,是,是,否,是,中评,配送员安装,好评,中评,中评,中评,中评,是,是,否,否,否,否,否,,,否,,,否,,否,,,,,海尔（Haier）8公斤 变频滚筒洗衣机 消毒洗 3年质保 EG8012B29WE,未明显变动,,持平,,中评,中评,中评,中评,好评,好评,否,,中评,中评,差评,差评,中评,中评,中评,中评,,好评,中评,中评,好评,好评,中等抱怨,差评,中评,中评
108,109,山东,PLUS会员,中,android客户端,2017-02-09 09:33:00,中评,中评,中评,是,是,是,否,是,中评,配送员安装,好评,中评,中评,中评,中评,否,是,否,否,否,否,否,,,否,,,否,,否,,,,,海尔（Haier）8公斤 变频滚筒洗衣机 消毒洗 3年质保 EG8012B29WE,未明显变动,,持平,,好评,中评,好评,中评,好评,好评,否,,中评,好评,好评,好评,中评,中评,中评,好评,,好评,中评,好评,好评,好评,没有抱怨,好评,好评,好评
109,110,,银牌会员,中,iphone客户端,2017-02-04 00:04:00,中评,中评,差评,否,是,是,是,是,中评,配送员安装,好评,中评,中评,中评,中评,否,是,否,否,否,否,否,,,否,,,否,,否,,,,,海尔（Haier）8公斤 变频滚筒洗衣机 消毒洗 3年质保 EG8012B29WE,未明显变动,,持平,,中评,中评,差评,差评,中评,中评,否,,中评,中评,差评,差评,中评,中评,中评,中评,,差评,差评,差评,好评,好评,中等抱怨,差评,中评,差评
110,111,河南,钻石会员,中,网页购物,2016-12-05 11:57:00,中评,中评,中评,否,是,是,否,是,中评,无安装服务,,,,,,,是,否,是,否,否,是,价格波动,好评,否,,,否,,是,否,差评,中评,否,海尔（Haier）EG8012HB86S 8公斤洗烘一体变频滚筒洗衣机  免熨烫烘干 3年质保,购买价格贵,高,持平,,中评,中评,中评,中评,中评,中评,否,,中评,中评,中评,差评,差评,中评,中评,中评,差评,中评,中评,差评,差评,差评,严重抱怨,差评,中评,差评
111,112,天津,钻石会员,中,android客户端,2016-12-12 08:39:00,中评,中评,差评,否,是,是,否,是,中评,配送员安装,中评,中评,中评,中评,中评,否,是,否,是,否,否,是,物流配送,中评,否,,,否,,否,,差评,差评,差评,海尔（Haier）EG8012HB86S 8公斤洗烘一体变频滚筒洗衣机  免熨烫烘干 3年质保,未明显变动,,持平,,中评,中评,中评,中评,中评,中评,否,,中评,差评,中评,差评,中评,差评,差评,中评,差评,中评,中评,差评,差评,差评,严重抱怨,差评,差评,差评
112,113,浙江,PLUS会员,中,网页购物,2016-11-20 12:05:00,好评,中评,中评,是,是,是,否,是,中评,配送员安装,中评,中评,中评,中评,中评,否,是,否,否,否,否,否,,,否,,,否,,否,,,,,海尔（Haier）EG8012HB86S 8公斤洗烘一体变频滚筒洗衣机  免熨烫烘干 3年质保,未明显变动,,持平,,中评,中评,中评,中评,中评,中评,否,,中评,差评,差评,差评,中评,中评,中评,中评,,差评,差评,差评,差评,差评,严重抱怨,差评,差评,差评
113,114,,金牌会员,中,iphone客户端,2016-11-16 22:33:00,中评,中评,中评,否,是,是,否,是,差评,配送员安装,中评,中评,中评,中评,中评,否,是,否,是,否,否,是,物流配送,差评,否,,,否,,否,,差评,差评,差评,海尔（Haier）EG8012HB86S 8公斤洗烘一体变频滚筒洗衣机  免熨烫烘干 3年质保,未明显变动,,持平,,中评,中评,中评,中评,中评,中评,否,,中评,中评,中评,中评,中评,中评,差评,差评,差评,中评,中评,差评,差评,差评,严重抱怨,差评,差评,差评
114,115,,银牌会员,中,android客户端,2016-12-12 22:45:00,中评,中评,差评,否,是,是,否,是,好评,无安装服务,,,,,,,是,否,否,否,否,否,,,否,,,否,,否,,,,,海尔（Haier）EG8012HB86S 8公斤洗烘一体变频滚筒洗衣机  免熨烫烘干 3年质保,未明显变动,,持平,,中评,中评,中评,差评,中评,差评,否,,中评,差评,差评,中评,中评,差评,好评,中评,,差评,中评,中评,好评,好评,中等抱怨,差评,中评,差评
115,116,,银牌会员,中,android客户端,2016-10-26 14:02:00,中评,好评,中评,否,是,是,是,否,差评,配送员安装,中评,中评,差评,差评,差评,否,是,否,否,否,否,否,,,否,,,否,,否,,,,,海尔（Haier）EG8012HB86S 8公斤洗烘一体变频滚筒洗衣机  免熨烫烘干 3年质保,未明显变动,,持平,,中评,中评,中评,中评,中评,中评,否,,中评,差评,差评,中评,中评,中评,差评,差评,,中评,中评,差评,差评,差评,严重抱怨,差评,差评,差评
116,117,北京,金牌会员,中,android客户端,2017-01-05 11:52:00,好评,中评,中评,是,是,是,否,是,好评,配送员安装,中评,中评,好评,中评,好评,否,是,否,否,否,否,否,,,否,,,否,,否,,,,,海尔（Haier）EG8012HB86S 8公斤洗烘一体变频滚筒洗衣机  免熨烫烘干 3年质保,未明显变动,,持平,,好评,中评,中评,好评,中评,中评,否,,好评,好评,好评,好评,中评,中评,中评,好评,,好评,好评,好评,好评,好评,没有抱怨,好评,好评,好评
117,118,广东,金牌会员,中,网页购物,2016-11-08 10:03:00,中评,中评,中评,是,是,是,是,是,好评,配送员安装,中评,中评,好评,好评,好评,否,是,否,否,否,否,否,,,否,,,否,,否,,,,,海尔（Haier）EG8012HB86S 8公斤洗烘一体变频滚筒洗衣机  免熨烫烘干 3年质保,未明显变动,,持平,,中评,中评,中评,中评,中评,中评,否,,中评,中评,中评,中评,中评,中评,中评,好评,,中评,中评,中评,好评,好评,没有抱怨,中评,中评,中评
118,119,,金牌会员,中,android客户端,2016-12-05 21:36:00,好评,好评,好评,是,是,是,否,是,好评,配送员安装,中评,中评,中评,中评,中评,否,是,否,否,否,否,否,,,否,,,否,,否,,,,,海尔（Haier）EG8012HB86S 8公斤洗烘一体变频滚筒洗衣机  免熨烫烘干 3年质保,未明显变动,,持平,,好评,差评,差评,好评,好评,中评,否,,好评,好评,好评,好评,中评,好评,好评,中评,,好评,好评,好评,好评,好评,轻微抱怨,好评,好评,好评
119,120,山东,金牌会员,中,网页购物,2017-01-10 09:31:00,差评,差评,差评,否,是,是,否,是,中评,配送员安装,中评,中评,中评,中评,中评,否,是,否,是,否,否,是,物流配送,差评,否,,,否,,否,,差评,差评,差评,海尔（Haier）EG8012HB86S 8公斤洗烘一体变频滚筒洗衣机  免熨烫烘干 3年质保,未明显变动,,持平,,好评,好评,好评,好评,好评,好评,否,,好评,中评,好评,中评,中评,差评,差评,中评,差评,好评,好评,中评,好评,好评,中等抱怨,中评,中评,中评
120,121,广东,钻石会员,中,iphone客户端,2016-11-11 09:19:00,好评,中评,中评,是,是,是,否,是,中评,配送员安装,中评,中评,差评,差评,差评,是,是,否,否,否,否,否,,,否,,,否,,否,,,,,海尔（Haier）EG8012HB86S 8公斤洗烘一体变频滚筒洗衣机  免熨烫烘干 3年质保,未明显变动,,持平,,好评,中评,中评,好评,中评,中评,否,,好评,差评,好评,好评,中评,中评,中评,差评,,好评,好评,好评,好评,好评,轻微抱怨,中评,差评,中评
121,122,,银牌会员,中,网页购物,2016-11-15 19:06:00,中评,中评,好评,是,是,是,否,是,中评,配送员安装,中评,中评,好评,中评,好评,否,是,否,否,否,否,否,,,否,,,否,,否,,,,,海尔（Haier）EG8012HB86S 8公斤洗烘一体变频滚筒洗衣机  免熨烫烘干 3年质保,未明显变动,,持平,,中评,中评,差评,好评,中评,差评,否,,好评,好评,中评,中评,中评,中评,中评,好评,差评,差评,中评,差评,中评,中评,中等抱怨,中评,中评,中评
122,123,天津,金牌会员,中,android客户端,2016-12-02 10:52:00,中评,中评,中评,是,是,是,否,是,中评,第三日,差评,中评,差评,差评,差评,否,是,否,是,否,否,是,预约安装,中评,否,,,否,,否,,差评,差评,否,海尔（Haier）EG8012HB86S 8公斤洗烘一体变频滚筒洗衣机  免熨烫烘干 3年质保,未明显变动,,持平,,中评,中评,中评,中评,中评,中评,否,,中评,差评,中评,好评,中评,中评,中评,差评,差评,中评,中评,中评,好评,好评,中等抱怨,中评,中评,中评
123,124,广东,金牌会员,中,iphone客户端,2016-11-28 08:41:00,中评,中评,中评,是,否,是,否,是,中评,配送员安装,中评,中评,中评,中评,中评,否,是,否,是,否,否,是,物流配送,中评,否,,,是,差评,否,,差评,中评,差评,海尔（Haier）EG8012HB86S 8公斤洗烘一体变频滚筒洗衣机  免熨烫烘干 3年质保,未明显变动,,持平,,中评,中评,中评,中评,中评,中评,否,,中评,差评,中评,中评,中评,差评,中评,中评,差评,中评,中评,差评,差评,差评,严重抱怨,差评,差评,差评
124,125,,银牌会员,中,iphone客户端,2016-10-05 19:19:00,中评,中评,中评,是,是,是,否,是,中评,配送员安装,中评,中评,中评,中评,中评,否,是,否,是,否,否,是,质量问题,中评,否,,,是,否,是,否,中评,差评,否,海尔（Haier）EG8012HB86S 8公斤洗烘一体变频滚筒洗衣机  免熨烫烘干 3年质保,未明显变动,,持平,,中评,中评,中评,差评,中评,中评,否,,中评,差评,差评,差评,中评,中评,中评,中评,差评,中评,差评,差评,差评,差评,严重抱怨,差评,差评,差评
125,126,河北,金牌会员,中,iphone客户端,2017-01-04 18:16:00,好评,中评,中评,是,是,是,否,是,中评,次日,中评,中评,差评,差评,差评,是,是,否,是,否,否,是,预约安装,中评,否,,,否,,否,,差评,差评,否,海尔（Haier）EG8012HB86S 8公斤洗烘一体变频滚筒洗衣机  免熨烫烘干 3年质保,未明显变动,,持平,,中评,中评,中评,中评,中评,中评,否,,中评,差评,中评,中评,中评,中评,中评,差评,差评,中评,中评,差评,差评,差评,严重抱怨,差评,差评,差评
126,127,山东,PLUS会员[试用],中,android客户端,2017-01-14 09:39:00,好评,中评,好评,是,是,是,否,否,差评,配送员安装,中评,中评,中评,中评,中评,否,是,否,否,否,否,否,,,否,,,否,,否,,,,,海尔（Haier）EG8012HB86S 8公斤洗烘一体变频滚筒洗衣机  免熨烫烘干 3年质保,未明显变动,,持平,,中评,中评,中评,中评,中评,中评,否,,中评,差评,中评,中评,中评,差评,差评,中评,差评,中评,中评,差评,差评,差评,严重抱怨,差评,差评,差评
127,128,广西,银牌会员,中,网页购物,2016-12-13 09:47:00,好评,中评,中评,是,是,是,否,是,中评,配送员安装,中评,中评,差评,中评,中评,否,是,否,是,否,否,是,安装问题,中评,否,,,否,,否,,中评,中评,差评,海尔（Haier）EG8012HB86S 8公斤洗烘一体变频滚筒洗衣机  免熨烫烘干 3年质保,未明显变动,,持平,,好评,中评,中评,中评,中评,中评,否,,好评,好评,好评,好评,中评,中评,好评,中评,差评,好评,好评,好评,好评,好评,轻微抱怨,好评,好评,好评
128,129,,金牌会员,中,android客户端,2016-12-27 16:45:00,中评,中评,中评,是,是,是,否,是,好评,配送员安装,中评,中评,好评,好评,好评,否,是,否,否,否,否,否,,,否,,,否,,否,,,,,海尔（Haier）EG8012HB86S 8公斤洗烘一体变频滚筒洗衣机  免熨烫烘干 3年质保,购买价格便宜,中,持平,,好评,中评,中评,中评,中评,中评,否,,中评,中评,好评,中评,差评,中评,中评,好评,,中评,中评,中评,好评,好评,轻微抱怨,中评,中评,中评
129,130,重庆,金牌会员,中,android客户端,2017-01-09 11:17:00,好评,中评,中评,是,是,是,否,是,中评,配送员安装,中评,中评,中评,中评,中评,否,是,否,否,否,否,否,,,否,,,否,,否,,,,,海尔（Haier）EG8012HB86S 8公斤洗烘一体变频滚筒洗衣机  免熨烫烘干 3年质保,未明显变动,,持平,,好评,好评,好评,好评,好评,好评,否,,好评,差评,好评,好评,好评,好评,好评,好评,,好评,好评,好评,差评,差评,严重抱怨,中评,差评,中评
130,131,广西,钻石会员,中,网页购物,2016-11-24 09:50:00,中评,中评,中评,是,是,是,否,是,中评,大于一周,差评,中评,中评,中评,中评,否,是,否,是,否,否,是,预约安装,差评,否,,,否,,否,,差评,差评,差评,海尔（Haier）EG8012HB86S 8公斤洗烘一体变频滚筒洗衣机  免熨烫烘干 3年质保,未明显变动,,持平,,好评,中评,好评,好评,中评,中评,否,,好评,差评,好评,好评,中评,中评,中评,差评,差评,好评,好评,中评,差评,差评,中等抱怨,中评,差评,好评
131,132,湖北,金牌会员,中,android客户端,2016-10-09 07:42:00,中评,中评,中评,是,是,是,否,是,好评,配送员安装,好评,好评,好评,好评,好评,否,是,否,否,否,否,否,,,否,,,否,,否,,,,,海尔（Haier）EG8012HB86S 8公斤洗烘一体变频滚筒洗衣机  免熨烫烘干 3年质保,未明显变动,,持平,,好评,中评,中评,好评,中评,中评,否,,中评,好评,好评,好评,中评,好评,中评,好评,,好评,好评,好评,好评,好评,没有抱怨,好评,好评,好评
132,133,上海,钻石会员,中,iphone客户端,2016-12-14 20:44:00,好评,中评,中评,是,是,是,否,是,中评,配送员安装,好评,中评,差评,中评,中评,否,是,否,是,否,否,是,安装问题,差评,否,,,否,,否,,中评,差评,差评,海尔（Haier）EG8012HB86S 8公斤洗烘一体变频滚筒洗衣机  免熨烫烘干 3年质保,未明显变动,,持平,,中评,中评,中评,好评,中评,中评,是,差评,差评,差评,差评,差评,中评,好评,好评,中评,差评,差评,差评,差评,差评,差评,严重抱怨,差评,差评,差评
133,134,,银牌会员,中,android客户端,2016-11-05 16:47:00,中评,中评,中评,是,是,否,否,是,中评,配送员安装,中评,中评,中评,差评,差评,否,是,否,是,否,否,是,质量问题,差评,是,差评,差评,否,,否,,中评,差评,差评,海尔（Haier）EG8012HB86S 8公斤洗烘一体变频滚筒洗衣机  免熨烫烘干 3年质保,未明显变动,,持平,,中评,中评,中评,差评,中评,差评,是,差评,中评,差评,差评,差评,中评,中评,中评,差评,差评,差评,差评,差评,差评,差评,严重抱怨,差评,差评,差评
134,135,广东,银牌会员,中,android客户端,2016-11-17 20:46:00,中评,中评,中评,是,是,是,否,是,中评,配送员安装,中评,中评,差评,差评,差评,否,是,否,是,否,否,是,安装问题,好评,是,差评,差评,否,,否,,好评,好评,差评,海尔（Haier）EG8012HB86S 8公斤洗烘一体变频滚筒洗衣机  免熨烫烘干 3年质保,未明显变动,,持平,,中评,中评,好评,好评,中评,中评,否,,中评,好评,好评,好评,中评,中评,中评,差评,好评,好评,好评,好评,好评,好评,中等抱怨,好评,好评,好评
135,136,广东,钻石会员,中,android客户端,2016-10-06 12:58:00,好评,中评,中评,是,是,是,是,是,好评,配送员安装,中评,差评,中评,好评,好评,否,是,否,否,否,否,否,,,否,,,否,,否,,,,,海尔（Haier）EG8012HB86S 8公斤洗烘一体变频滚筒洗衣机  免熨烫烘干 3年质保,未明显变动,,持平,,好评,中评,中评,中评,中评,中评,否,,中评,好评,好评,好评,中评,好评,好评,好评,,好评,好评,好评,好评,好评,没有抱怨,好评,好评,好评
136,137,湖北,金牌会员,中,iphone客户端,2016-11-08 12:32:00,中评,中评,中评,是,是,是,否,是,中评,当天下午,好评,好评,好评,好评,好评,否,是,否,是,否,否,是,物流配送,中评,否,,,否,,否,,好评,好评,差评,海尔（Haier）EG8012HB86S 8公斤洗烘一体变频滚筒洗衣机  免熨烫烘干 3年质保,未明显变动,,持平,,中评,中评,中评,中评,中评,中评,否,,中评,好评,中评,中评,中评,差评,中评,好评,好评,中评,中评,中评,好评,好评,轻微抱怨,中评,好评,中评
137,138,广东,钻石会员,中,网页购物,2016-11-11 16:08:00,中评,中评,中评,是,是,是,否,是,中评,配送员安装,中评,中评,中评,中评,中评,否,是,否,否,否,否,否,,,否,,,否,,否,,,,,海尔（Haier）EG8012HB86S 8公斤洗烘一体变频滚筒洗衣机  免熨烫烘干 3年质保,未明显变动,,持平,,好评,好评,差评,差评,中评,中评,否,,差评,好评,好评,中评,好评,好评,中评,中评,,好评,好评,好评,好评,好评,没有抱怨,好评,好评,好评
138,139,,钻石会员,中,网页购物,2017-01-13 16:56:00,中评,中评,中评,是,是,否,否,是,中评,配送员安装,中评,中评,中评,中评,中评,否,是,否,是,否,否,是,质量问题,中评,否,,,是,否,否,,差评,差评,否,海尔（Haier）EG8012HB86S 8公斤洗烘一体变频滚筒洗衣机  免熨烫烘干 3年质保,未明显变动,,持平,,中评,中评,中评,中评,中评,中评,是,好评,中评,差评,差评,差评,中评,中评,中评,中评,差评,差评,差评,差评,差评,差评,严重抱怨,差评,差评,差评
139,140,上海,钻石会员,中,android客户端,2016-11-12 18:50:00,好评,好评,好评,是,是,是,否,是,中评,配送员安装,好评,中评,中评,中评,中评,否,是,否,否,否,否,否,,,否,,,否,,否,,,,,海尔（Haier）EG8012HB86S 8公斤洗烘一体变频滚筒洗衣机  免熨烫烘干 3年质保,未明显变动,,持平,,好评,中评,好评,好评,好评,中评,否,,好评,好评,好评,好评,中评,好评,中评,中评,,好评,好评,好评,好评,好评,轻微抱怨,好评,好评,好评
140,141,浙江,金牌会员,中,网页购物,2016-11-17 12:03:00,中评,中评,中评,是,是,是,否,是,中评,配送员安装,中评,中评,好评,好评,好评,否,是,否,否,否,否,否,,,否,,,否,,否,,,,,海尔（Haier）EG8012HB86S 8公斤洗烘一体变频滚筒洗衣机  免熨烫烘干 3年质保,未明显变动,,持平,,好评,好评,好评,好评,中评,中评,否,,好评,好评,好评,好评,中评,中评,中评,好评,,好评,好评,好评,好评,好评,没有抱怨,好评,好评,好评
141,142,,钻石会员,中,iphone客户端,2016-11-22 20:41:00,中评,中评,差评,否,是,是,否,是,中评,配送员安装,中评,中评,中评,中评,中评,否,是,否,是,否,否,是,物流配送,差评,否,,,否,,否,,差评,差评,否,海尔（Haier）EG8012HB86S 8公斤洗烘一体变频滚筒洗衣机  免熨烫烘干 3年质保,未明显变动,,持平,,中评,中评,中评,中评,中评,中评,否,,中评,中评,中评,中评,中评,中评,差评,中评,差评,中评,中评,中评,差评,差评,严重抱怨,中评,中评,差评
142,143,,银牌会员,中,网页购物,2016-11-10 18:19:00,好评,好评,好评,是,是,是,否,是,好评,配送员安装,中评,中评,中评,中评,好评,否,是,否,否,否,否,否,,,否,,,否,,否,,,,,海尔（Haier）EG8012HB86S 8公斤洗烘一体变频滚筒洗衣机  免熨烫烘干 3年质保,未明显变动,,本产品低,高,好评,中评,中评,中评,好评,中评,否,,好评,好评,好评,好评,好评,中评,好评,好评,,好评,好评,好评,好评,好评,没有抱怨,好评,好评,好评
143,144,上海,金牌会员,中,iphone客户端,2016-11-05 15:58:00,好评,好评,好评,是,是,是,否,是,好评,配送员安装,中评,中评,中评,好评,好评,否,是,否,否,否,否,否,,,否,,,否,,否,,,,,海尔（Haier）EG8012HB86S 8公斤洗烘一体变频滚筒洗衣机  免熨烫烘干 3年质保,未明显变动,,持平,,好评,中评,中评,中评,中评,中评,否,,中评,好评,好评,中评,中评,好评,好评,好评,,好评,好评,好评,好评,好评,没有抱怨,好评,好评,好评
144,145,,PLUS会员,中,iphone客户端,2016-11-04 00:10:00,中评,中评,中评,是,是,是,否,是,好评,配送员安装,中评,中评,中评,好评,好评,否,是,否,否,否,否,否,,,否,,,否,,否,,,,,海尔（Haier）EG8012HB86S 8公斤洗烘一体变频滚筒洗衣机  免熨烫烘干 3年质保,未明显变动,,持平,,中评,中评,中评,中评,中评,中评,否,,中评,好评,中评,中评,中评,好评,好评,好评,,中评,中评,中评,好评,好评,没有抱怨,中评,中评,中评
145,146,,银牌会员,中,android客户端,2016-11-24 22:10:00,中评,中评,中评,否,是,是,否,是,差评,配送员安装,中评,中评,差评,差评,差评,否,是,否,是,否,否,是,安装问题,差评,否,,,否,,否,,差评,差评,否,海尔（Haier）EG8012HB86S 8公斤洗烘一体变频滚筒洗衣机  免熨烫烘干 3年质保,未明显变动,,持平,,中评,中评,中评,中评,中评,中评,是,好评,差评,差评,差评,中评,中评,中评,差评,差评,差评,差评,中评,差评,差评,中评,严重抱怨,差评,差评,差评
146,147,广东,钻石会员,中,iphone客户端,2016-10-06 18:52:00,中评,中评,好评,是,是,是,否,是,中评,配送员安装,中评,中评,中评,中评,中评,否,是,否,否,否,否,否,,,否,,,否,,否,,,,,海尔（Haier）EG8012HB86S 8公斤洗烘一体变频滚筒洗衣机  免熨烫烘干 3年质保,未明显变动,,持平,,中评,中评,差评,中评,中评,中评,否,,差评,差评,差评,中评,中评,中评,好评,中评,,中评,差评,差评,差评,差评,严重抱怨,差评,差评,差评
147,148,河北,钻石会员,中,网页购物,2016-12-15 18:58:00,中评,中评,差评,否,是,是,否,是,好评,配送员安装,中评,中评,中评,中评,好评,否,是,否,是,否,否,是,物流配送,中评,否,,,否,,否,,中评,差评,否,海尔（Haier）EG8012HB86S 8公斤洗烘一体变频滚筒洗衣机  免熨烫烘干 3年质保,未明显变动,,持平,,中评,中评,差评,中评,中评,中评,否,,中评,中评,差评,中评,中评,差评,好评,中评,差评,中评,差评,差评,差评,差评,严重抱怨,差评,差评,差评
148,149,,银牌会员,中,网页购物,2016-12-01 19:55:00,差评,差评,差评,是,是,是,否,是,中评,配送员安装,中评,中评,差评,中评,差评,否,是,否,否,否,否,否,,,否,,,否,,否,,,,,海尔（Haier）EG8012HB86S 8公斤洗烘一体变频滚筒洗衣机  免熨烫烘干 3年质保,未明显变动,,持平,,中评,中评,中评,中评,中评,中评,否,,中评,中评,好评,中评,中评,差评,中评,差评,,好评,好评,好评,好评,好评,轻微抱怨,中评,好评,中评
149,150,广东,钻石会员,中,iphone客户端,2016-12-05 23:41:00,中评,中评,好评,是,是,是,否,是,好评,次日,中评,中评,差评,差评,差评,否,是,否,是,否,否,是,安装问题,中评,否,,,否,,否,,中评,中评,否,海尔（Haier）EG8012HB86S 8公斤洗烘一体变频滚筒洗衣机  免熨烫烘干 3年质保,未明显变动,,持平,,中评,中评,中评,中评,中评,好评,否,,中评,中评,中评,中评,中评,好评,好评,差评,中评,中评,中评,差评,差评,差评,严重抱怨,差评,中评,差评
150,151,湖北,金牌会员,中,iphone客户端,2016-12-01 11:35:00,差评,差评,中评,否,是,是,否,是,中评,次日,中评,中评,中评,中评,中评,否,是,否,是,否,否,是,物流配送,差评,否,,,否,,否,,差评,中评,否,海尔（Haier）EG8012HB86S 8公斤洗烘一体变频滚筒洗衣机  免熨烫烘干 3年质保,未明显变动,,持平,,中评,中评,中评,中评,中评,中评,否,,中评,差评,中评,中评,中评,差评,差评,中评,差评,中评,中评,差评,差评,差评,严重抱怨,差评,差评,差评
151,152,,银牌会员,中,iphone客户端,2016-11-16 12:17:00,中评,中评,好评,是,是,是,否,是,中评,次日,中评,中评,中评,中评,中评,否,是,否,是,否,否,是,质量问题,差评,否,,,否,,否,,差评,中评,否,海尔（Haier）EG8012HB86S 8公斤洗烘一体变频滚筒洗衣机  免熨烫烘干 3年质保,未明显变动,,本产品低,高,好评,好评,差评,好评,好评,好评,否,,好评,差评,差评,中评,好评,中评,好评,中评,差评,好评,差评,差评,差评,差评,中等抱怨,差评,差评,差评
152,153,,PLUS会员,中,网页购物,2017-01-17 14:34:00,中评,好评,好评,是,是,是,是,是,好评,配送员安装,好评,好评,好评,好评,好评,否,是,否,否,否,否,否,,,否,,,否,,否,,,,,海尔（Haier）EG8012HB86S 8公斤洗烘一体变频滚筒洗衣机  免熨烫烘干 3年质保,未明显变动,,持平,,中评,中评,好评,中评,中评,好评,否,,好评,好评,好评,好评,中评,好评,好评,好评,,好评,中评,好评,好评,好评,没有抱怨,好评,好评,好评
153,154,河南,钻石会员,低,网页购物,2017-02-14 16:50:00,中评,中评,中评,是,是,是,否,是,中评,配送员安装,中评,好评,好评,好评,好评,否,是,否,否,否,否,否,,,否,,,否,,否,,,,,海尔（Haier） XQB55-M1269 5.5公斤全自动波轮洗衣机 3年质保,未明显变动,,持平,,中评,中评,好评,好评,中评,中评,否,,好评,中评,好评,好评,中评,中评,中评,好评,,好评,好评,好评,好评,好评,没有抱怨,好评,好评,好评
154,155,,银牌会员,低,网页购物,2017-02-14 20:07:00,中评,中评,好评,是,是,是,否,是,好评,半天内,中评,中评,中评,中评,中评,否,是,否,否,否,否,否,,,否,,,否,,否,,,,,海尔（Haier） XQB55-M1269 5.5公斤全自动波轮洗衣机 3年质保,未明显变动,,持平,,中评,中评,好评,中评,好评,好评,否,,中评,好评,好评,中评,中评,中评,好评,中评,,好评,中评,好评,好评,好评,没有抱怨,好评,好评,好评
155,156,上海,金牌会员,低,网页购物,2017-02-23 15:07:00,中评,中评,中评,是,是,是,否,是,中评,半天内,中评,中评,中评,中评,中评,否,是,否,否,否,否,否,,,否,,,否,,否,,,,,海尔（Haier） XQB55-M1269 5.5公斤全自动波轮洗衣机 3年质保,未明显变动,,持平,,中评,中评,好评,好评,中评,中评,否,,中评,中评,好评,好评,中评,中评,中评,中评,,好评,中评,好评,好评,好评,没有抱怨,好评,好评,好评
156,157,,银牌会员,低,网页购物,2017-02-21 20:14:00,中评,好评,好评,是,是,是,否,是,好评,配送员安装,好评,中评,好评,好评,好评,否,是,否,否,否,否,否,,,否,,,否,,否,,,,,海尔（Haier） XQB55-M1269 5.5公斤全自动波轮洗衣机 3年质保,未明显变动,,持平,,中评,中评,好评,好评,中评,中评,否,,中评,好评,好评,好评,中评,中评,好评,好评,,好评,好评,好评,好评,好评,没有抱怨,好评,好评,好评
157,158,山东,银牌会员,低,网页购物,2017-02-24 08:53:00,中评,中评,中评,是,是,是,否,是,好评,配送员安装,好评,中评,好评,好评,好评,否,是,否,否,否,否,否,,,否,,,否,,否,,,,,海尔（Haier） XQB55-M1269 5.5公斤全自动波轮洗衣机 3年质保,未明显变动,,持平,,好评,好评,好评,好评,中评,中评,否,,中评,好评,好评,中评,中评,中评,中评,好评,,好评,好评,好评,好评,好评,没有抱怨,好评,好评,好评
158,159,,钻石会员,低,网页购物,2017-02-23 15:01:00,好评,好评,好评,是,是,是,否,是,中评,配送员安装,中评,中评,中评,中评,中评,否,是,否,否,否,否,否,,,否,,,否,,否,,,,,海尔（Haier） XQB55-M1269 5.5公斤全自动波轮洗衣机 3年质保,未明显变动,,持平,,中评,中评,好评,中评,好评,好评,否,,中评,好评,好评,中评,中评,好评,好评,中评,,好评,好评,好评,好评,好评,没有抱怨,好评,好评,好评
159,160,,PLUS会员,低,网页购物,2017-02-15 07:56:00,中评,中评,中评,是,是,是,是,是,好评,配送员安装,好评,好评,好评,好评,好评,否,是,否,否,否,否,否,,,否,,,否,,否,,,,,海尔（Haier） XQB55-M1269 5.5公斤全自动波轮洗衣机 3年质保,未明显变动,,持平,,中评,中评,中评,中评,中评,中评,否,,中评,好评,中评,中评,中评,中评,好评,好评,,中评,中评,好评,好评,好评,没有抱怨,中评,好评,好评
160,161,北京,金牌会员,低,网页购物,2017-02-19 08:44:00,好评,好评,好评,是,是,是,否,是,中评,当天下午,好评,好评,中评,中评,中评,否,是,否,否,否,否,否,,,否,,,否,,否,,,,,海尔（Haier） XQB55-M1269 5.5公斤全自动波轮洗衣机 3年质保,未明显变动,,持平,,中评,中评,中评,中评,中评,中评,否,,中评,好评,好评,中评,中评,好评,好评,好评,,中评,中评,好评,好评,好评,没有抱怨,好评,好评,好评
161,162,,金牌会员,低,微信购物,2017-02-21 13:30:00,中评,好评,好评,是,是,是,否,是,中评,半天内,好评,中评,中评,中评,中评,否,是,否,否,否,否,否,,,否,,,否,,否,,,,,海尔（Haier） XQB55-M1269 5.5公斤全自动波轮洗衣机 3年质保,未明显变动,,持平,,好评,好评,好评,中评,中评,中评,否,,好评,中评,中评,好评,好评,中评,好评,好评,,好评,好评,好评,好评,好评,没有抱怨,好评,中评,好评
162,163,,银牌会员,低,ipad客户端,2017-02-22 00:23:00,中评,中评,中评,是,是,是,否,是,中评,次日,中评,中评,中评,中评,好评,否,是,否,否,否,否,否,,,否,,,否,,否,,,,,海尔（Haier） XQB55-M1269 5.5公斤全自动波轮洗衣机 3年质保,未明显变动,,持平,,差评,中评,好评,差评,中评,中评,否,,中评,中评,中评,中评,中评,中评,中评,好评,,中评,中评,中评,好评,好评,没有抱怨,中评,中评,中评
163,164,广东,银牌会员,低,android客户端,2017-02-17 17:45:00,中评,中评,中评,是,是,是,否,是,中评,次日,中评,中评,中评,中评,中评,否,是,否,是,否,否,是,质量问题,中评,否,,,否,,否,,中评,中评,差评,海尔（Haier） XQB55-M1269 5.5公斤全自动波轮洗衣机 3年质保,未明显变动,,本产品低,中,中评,中评,差评,中评,中评,中评,是,差评,中评,中评,中评,好评,好评,中评,中评,中评,好评,中评,中评,中评,好评,好评,没有抱怨,中评,好评,中评
164,165,,铜牌会员,低,android客户端,2017-02-11 12:39:00,中评,中评,中评,是,是,是,是,是,好评,次日,中评,中评,中评,中评,中评,否,是,否,否,否,否,否,,,否,,,否,,否,,,,,海尔（Haier） XQB55-M1269 5.5公斤全自动波轮洗衣机 3年质保,未明显变动,,持平,,中评,中评,中评,中评,中评,中评,否,,中评,好评,中评,中评,中评,中评,好评,中评,,中评,中评,好评,好评,好评,没有抱怨,中评,好评,好评
165,166,,铜牌会员,低,android客户端,2017-02-17 08:03:00,中评,中评,中评,是,是,是,否,是,中评,第三日,中评,中评,差评,中评,中评,否,是,否,否,否,否,否,,,否,,,否,,否,,,,,海尔（Haier） XQB55-M1269 5.5公斤全自动波轮洗衣机 3年质保,未明显变动,,持平,,中评,中评,好评,中评,好评,好评,否,,中评,差评,中评,中评,中评,中评,中评,差评,,好评,中评,差评,好评,好评,中等抱怨,好评,差评,差评
166,167,广西,金牌会员,低,网页购物,2017-02-16 12:40:00,中评,中评,中评,是,是,是,否,是,中评,第三日,中评,中评,中评,中评,中评,否,是,否,否,否,否,否,,,否,,,否,,否,,,,,海尔（Haier） XQB55-M1269 5.5公斤全自动波轮洗衣机 3年质保,未明显变动,,本产品低,中,中评,中评,好评,中评,中评,差评,否,,中评,中评,中评,差评,好评,中评,中评,中评,,中评,差评,差评,好评,好评,轻微抱怨,差评,中评,差评
167,168,,铜牌会员,低,ipad客户端,2017-02-22 09:49:00,好评,好评,好评,是,是,是,否,是,中评,配送员安装,中评,中评,中评,中评,中评,是,是,否,否,否,否,否,,,否,,,否,,否,,,,,海尔（Haier） XQB55-M1269 5.5公斤全自动波轮洗衣机 3年质保,未明显变动,,持平,,中评,中评,差评,中评,中评,中评,否,,中评,差评,差评,好评,中评,中评,好评,差评,,中评,差评,差评,好评,好评,中等抱怨,差评,差评,差评
168,169,,银牌会员,低,ipad客户端,2017-02-19 09:15:00,差评,中评,好评,否,是,是,否,是,中评,配送员安装,中评,中评,中评,中评,中评,否,是,否,否,否,否,否,,,否,,,否,,否,,,,,海尔（Haier） XQB55-M1269 5.5公斤全自动波轮洗衣机 3年质保,未明显变动,,本产品低,低,中评,中评,差评,中评,中评,中评,否,,差评,好评,中评,好评,好评,差评,好评,中评,,中评,中评,好评,好评,好评,没有抱怨,中评,好评,好评
169,170,广东,PLUS会员,低,android客户端,2017-02-21 12:00:00,差评,中评,好评,否,是,是,否,是,中评,配送员安装,中评,中评,中评,中评,中评,否,是,否,否,否,否,否,,,否,,,否,,否,,,,,海尔（Haier） XQB55-M1269 5.5公斤全自动波轮洗衣机 3年质保,未明显变动,,持平,,中评,中评,好评,中评,好评,中评,否,,好评,好评,好评,好评,中评,中评,好评,中评,,好评,中评,好评,好评,好评,没有抱怨,中评,好评,中评
170,171,广东,银牌会员,低,ipad客户端,2017-02-19 16:32:00,中评,中评,好评,是,是,是,否,是,好评,配送员安装,好评,好评,好评,好评,好评,否,是,否,是,否,否,是,物流配送,好评,否,,,否,,否,,好评,差评,差评,海尔（Haier） XQB55-M1269 5.5公斤全自动波轮洗衣机 3年质保,未明显变动,,持平,,中评,中评,中评,中评,中评,中评,否,,中评,好评,中评,中评,中评,中评,好评,中评,差评,中评,中评,中评,好评,好评,没有抱怨,好评,中评,中评
171,172,,金牌会员,低,iphone客户端,2017-02-17 14:02:00,中评,中评,中评,是,是,是,是,是,中评,配送员安装,好评,好评,好评,中评,好评,是,是,否,否,否,否,否,,,否,,,否,,否,,,,,海尔（Haier） XQB55-M1269 5.5公斤全自动波轮洗衣机 3年质保,未明显变动,,持平,,中评,中评,中评,差评,中评,好评,否,,中评,好评,中评,中评,中评,中评,好评,好评,,中评,好评,中评,好评,好评,没有抱怨,中评,中评,中评
172,173,,银牌会员,低,ipad客户端,2017-02-16 18:37:00,中评,中评,中评,是,是,是,是,是,好评,当天下午,中评,中评,中评,中评,好评,否,是,否,否,否,否,否,,,否,,,否,,否,,,,,海尔（Haier） XQB55-M1269 5.5公斤全自动波轮洗衣机 3年质保,未明显变动,,持平,,中评,中评,中评,中评,中评,中评,否,,中评,好评,中评,中评,中评,中评,好评,好评,,中评,中评,好评,好评,好评,没有抱怨,中评,好评,中评
173,174,,银牌会员,低,iphone客户端,2017-02-12 10:39:00,中评,中评,中评,是,是,否,否,是,中评,当天下午,中评,中评,中评,中评,中评,否,是,否,否,否,否,否,,,否,,,否,,否,,,,,海尔（Haier） XQB55-M1269 5.5公斤全自动波轮洗衣机 3年质保,未明显变动,,持平,,中评,中评,中评,中评,中评,差评,否,,中评,差评,中评,中评,中评,中评,差评,中评,,中评,中评,差评,差评,中评,严重抱怨,中评,中评,中评
174,175,,银牌会员,低,iphone客户端,2017-02-07 16:51:00,中评,中评,中评,是,是,是,否,是,中评,次日,中评,中评,中评,中评,中评,否,是,否,否,否,否,否,,,否,,,否,,否,,,,,海尔（Haier） XQB55-M1269 5.5公斤全自动波轮洗衣机 3年质保,未明显变动,,持平,,中评,中评,差评,差评,中评,差评,否,,中评,差评,差评,差评,差评,中评,中评,中评,,差评,差评,差评,中评,中评,中等抱怨,差评,差评,差评
175,176,,银牌会员,低,iphone客户端,2017-02-21 16:20:00,中评,中评,中评,是,是,是,否,是,差评,配送员安装,中评,中评,差评,差评,差评,否,是,否,否,否,否,否,,,否,,,否,,否,,,,,海尔（Haier） XQB55-M1269 5.5公斤全自动波轮洗衣机 3年质保,未明显变动,,持平,,中评,中评,中评,差评,中评,中评,否,,中评,差评,差评,差评,中评,中评,差评,差评,,差评,差评,差评,中评,中评,中等抱怨,差评,差评,差评
176,177,,铜牌会员,低,android客户端,2017-01-07 07:54:00,中评,中评,中评,是,是,是,否,是,差评,配送员安装,中评,差评,差评,差评,差评,否,是,否,否,否,否,否,,,否,,,否,,否,,,,,海尔（Haier） XQB55-M1269 5.5公斤全自动波轮洗衣机 3年质保,未明显变动,,持平,,中评,中评,中评,差评,中评,中评,否,,中评,差评,差评,中评,中评,中评,中评,差评,,差评,中评,差评,中评,中评,中等抱怨,中评,差评,差评
177,178,湖北,铜牌会员,低,iphone客户端,2017-01-15 19:21:00,中评,好评,好评,是,是,是,否,是,中评,三到七日,差评,差评,差评,差评,差评,是,是,否,否,否,否,否,,,否,,,否,,否,,,,,海尔（Haier） XQB55-M1269 5.5公斤全自动波轮洗衣机 3年质保,未明显变动,,持平,,中评,中评,中评,中评,中评,中评,否,,中评,差评,差评,中评,中评,中评,好评,差评,,中评,差评,差评,中评,中评,严重抱怨,差评,差评,差评
178,179,北京,金牌会员,低,iphone客户端,2017-02-22 16:38:00,中评,中评,差评,否,是,是,是,否,差评,第三日,中评,中评,差评,中评,中评,否,是,否,是,否,否,是,物流配送,差评,否,,,否,,否,,差评,中评,否,海尔（Haier） XQB55-M1269 5.5公斤全自动波轮洗衣机 3年质保,未明显变动,,持平,,中评,中评,中评,中评,中评,中评,否,,中评,差评,中评,差评,中评,中评,差评,差评,差评,中评,差评,差评,中评,中评,严重抱怨,差评,差评,差评
179,180,,铜牌会员,低,微信购物,2017-02-21 09:22:00,中评,中评,差评,否,是,是,否,否,中评,次日,中评,中评,中评,中评,中评,否,是,否,是,否,否,是,物流配送,差评,否,,,否,,否,,差评,中评,否,海尔（Haier） XQB55-M1269 5.5公斤全自动波轮洗衣机 3年质保,未明显变动,,持平,,中评,中评,好评,中评,中评,中评,否,,中评,差评,中评,中评,中评,中评,差评,中评,差评,好评,中评,差评,中评,中评,中等抱怨,中评,中评,差评
180,181,广东,铜牌会员,低,微信购物,2017-02-24 19:04:00,中评,中评,中评,是,是,是,否,是,中评,次日,中评,中评,中评,中评,中评,否,是,否,是,否,否,是,质量问题,中评,否,,,否,,否,,中评,中评,否,海尔（Haier） XQB55-M1269 5.5公斤全自动波轮洗衣机 3年质保,未明显变动,,持平,,中评,中评,中评,差评,中评,中评,是,差评,中评,好评,差评,差评,中评,中评,中评,中评,差评,差评,差评,差评,中评,中评,轻微抱怨,差评,好评,中评
181,182,,金牌会员,低,微信购物,2017-01-04 14:51:00,中评,中评,中评,是,是,是,否,是,中评,配送员安装,中评,中评,中评,中评,中评,否,是,否,否,否,否,否,,,否,,,否,,否,,,,,海尔（Haier） XQB55-M1269 5.5公斤全自动波轮洗衣机 3年质保,未明显变动,,持平,,中评,中评,差评,好评,中评,中评,否,,中评,中评,差评,中评,中评,中评,中评,中评,,差评,差评,差评,中评,中评,中等抱怨,差评,中评,差评
182,183,,银牌会员,低,iphone客户端,2017-02-26 17:27:00,中评,中评,中评,是,是,是,否,是,中评,配送员安装,中评,中评,中评,好评,好评,否,是,否,否,否,否,否,,,否,,,否,,否,,,,,海尔（Haier） XQB55-M1269 5.5公斤全自动波轮洗衣机 3年质保,未明显变动,,持平,,中评,中评,差评,中评,中评,中评,否,,差评,中评,差评,差评,中评,中评,中评,好评,,差评,差评,差评,中评,中评,轻微抱怨,差评,中评,差评
183,184,福建,金牌会员,低,iphone客户端,2017-02-13 13:59:00,中评,中评,差评,否,是,是,否,是,中评,次日,中评,差评,差评,差评,中评,否,是,否,是,否,否,是,安装问题,差评,否,,,否,,否,,差评,中评,差评,海尔（Haier） XQB55-M1269 5.5公斤全自动波轮洗衣机 3年质保,未明显变动,,持平,,中评,中评,中评,中评,中评,中评,否,,中评,差评,中评,中评,中评,中评,差评,差评,差评,中评,中评,差评,中评,中评,严重抱怨,差评,差评,差评
184,185,,钻石会员,低,iphone客户端,2017-02-13 17:19:00,中评,中评,中评,是,是,是,否,是,中评,次日,中评,中评,中评,中评,中评,否,是,否,是,否,否,是,质量问题,中评,是,差评,否,否,,是,否,差评,差评,差评,海尔（Haier） XQB55-M1269 5.5公斤全自动波轮洗衣机 3年质保,未明显变动,,持平,,中评,差评,差评,中评,中评,中评,是,中评,中评,差评,差评,差评,中评,中评,中评,中评,差评,差评,差评,差评,中评,中评,严重抱怨,差评,差评,差评
185,186,湖北,金牌会员,低,ipad客户端,2017-01-09 12:19:00,差评,差评,中评,是,是,是,否,是,中评,次日,中评,中评,中评,中评,中评,否,是,否,是,否,否,是,物流配送,差评,否,,,否,,否,,差评,差评,否,海尔（Haier） XQB55-M1269 5.5公斤全自动波轮洗衣机 3年质保,未明显变动,,持平,,中评,中评,中评,中评,中评,中评,否,,中评,差评,中评,中评,中评,差评,中评,中评,差评,中评,差评,差评,中评,中评,中等抱怨,差评,差评,差评
186,187,,钻石会员,低,iphone客户端,2017-01-15 22:54:00,中评,中评,中评,是,是,是,否,是,中评,次日,中评,中评,中评,中评,中评,否,是,否,否,否,否,否,,,否,,,否,,否,,,,,海尔（Haier） XQB55-M1269 5.5公斤全自动波轮洗衣机 3年质保,未明显变动,,持平,,中评,中评,中评,差评,中评,差评,否,,中评,中评,中评,中评,中评,中评,中评,中评,,差评,中评,中评,中评,中评,轻微抱怨,差评,中评,中评
187,188,北京,银牌会员,低,iphone客户端,2017-02-19 23:31:00,中评,中评,中评,是,是,是,否,是,中评,次日,中评,中评,中评,中评,中评,否,是,否,否,否,否,否,,,否,,,否,,否,,,,,海尔（Haier） XQB55-M1269 5.5公斤全自动波轮洗衣机 3年质保,未明显变动,,持平,,中评,中评,中评,中评,差评,差评,否,,中评,中评,差评,差评,好评,中评,中评,中评,,差评,差评,差评,中评,中评,轻微抱怨,差评,中评,差评
188,189,北京,金牌会员,低,iphone客户端,2017-01-23 10:51:00,中评,中评,中评,是,是,是,否,是,中评,第三日,中评,中评,中评,中评,中评,否,是,否,是,否,否,是,质量问题,中评,是,差评,差评,否,,否,,,中评,差评,海尔（Haier） XQB55-M1269 5.5公斤全自动波轮洗衣机 3年质保,未明显变动,,持平,,中评,中评,差评,中评,中评,中评,是,中评,中评,中评,差评,差评,中评,中评,中评,中评,中评,差评,中评,差评,中评,中评,轻微抱怨,中评,中评,中评
189,190,,银牌会员,低,iphone客户端,2017-02-12 11:17:00,中评,中评,差评,否,是,是,否,是,中评,次日,中评,中评,中评,中评,中评,否,是,否,否,否,否,否,,,否,,,否,,否,,,,,海尔（Haier） XQB55-M1269 5.5公斤全自动波轮洗衣机 3年质保,未明显变动,,持平,,中评,中评,好评,中评,中评,中评,否,,中评,中评,中评,中评,中评,中评,差评,中评,,好评,中评,差评,中评,中评,轻微抱怨,中评,中评,中评
190,191,上海,银牌会员,低,android客户端,2017-02-05 12:54:00,中评,差评,差评,否,是,是,否,是,中评,配送员安装,中评,中评,差评,差评,差评,否,否,否,否,否,否,否,,,否,,,否,,否,,,,,海尔（Haier） XQB55-M1269 5.5公斤全自动波轮洗衣机 3年质保,未明显变动,,持平,,中评,中评,中评,中评,中评,中评,否,,中评,差评,中评,差评,中评,差评,差评,差评,,中评,中评,差评,中评,中评,严重抱怨,差评,差评,差评
191,192,,金牌会员,低,android客户端,2017-02-15 17:42:00,中评,中评,中评,是,是,是,否,是,中评,次日,中评,差评,差评,差评,差评,否,是,否,否,否,否,否,,,否,,,否,,否,,,,,海尔（Haier） XQB55-M1269 5.5公斤全自动波轮洗衣机 3年质保,未明显变动,,持平,,中评,中评,差评,中评,中评,中评,否,,中评,差评,差评,差评,中评,中评,中评,差评,,差评,差评,差评,差评,差评,严重抱怨,差评,差评,差评
192,193,,铜牌会员,低,android客户端,2017-02-16 21:56:00,中评,中评,中评,是,是,是,否,是,中评,配送员安装,中评,中评,中评,中评,中评,否,是,否,否,否,否,否,,,否,,,否,,否,,,,,海尔（Haier） XQB55-M1269 5.5公斤全自动波轮洗衣机 3年质保,未明显变动,,持平,,中评,中评,中评,中评,差评,差评,否,,中评,差评,差评,差评,差评,中评,中评,中评,,差评,差评,差评,差评,差评,严重抱怨,差评,差评,差评
193,194,广东,银牌会员,低,iphone客户端,2017-01-08 15:57:00,中评,中评,中评,是,是,是,否,是,中评,次日,中评,中评,中评,中评,中评,否,是,否,是,否,否,是,质量问题,差评,否,,,是,否,否,,差评,中评,否,海尔（Haier） XQB55-M1269 5.5公斤全自动波轮洗衣机 3年质保,未明显变动,,持平,,差评,差评,差评,中评,中评,中评,是,差评,差评,差评,差评,差评,中评,中评,中评,中评,差评,差评,差评,差评,差评,差评,严重抱怨,差评,差评,差评
194,195,广东,金牌会员,低,iphone客户端,2017-02-15 17:08:00,差评,差评,差评,否,是,是,否,是,差评,配送员安装,中评,中评,中评,中评,中评,否,是,否,是,否,否,是,物流配送,差评,否,,,否,,否,,差评,中评,差评,海尔（Haier） XQB55-M1269 5.5公斤全自动波轮洗衣机 3年质保,未明显变动,,持平,,中评,中评,中评,中评,中评,中评,否,,中评,差评,中评,差评,中评,差评,差评,中评,差评,中评,差评,差评,差评,差评,严重抱怨,差评,差评,差评
195,196,四川,银牌会员,低,iphone客户端,2017-01-08 04:00:00,中评,中评,中评,是,是,是,是,是,中评,半天内,中评,中评,中评,中评,中评,否,是,否,是,否,否,是,质量问题,差评,是,差评,否,否,,否,,差评,中评,否,海尔（Haier） XQB55-M1269 5.5公斤全自动波轮洗衣机 3年质保,未明显变动,,持平,,中评,中评,差评,中评,中评,中评,是,差评,中评,差评,差评,差评,中评,中评,好评,中评,差评,差评,差评,差评,差评,差评,严重抱怨,差评,差评,差评
196,197,广东,金牌会员,低,微信购物,2017-02-20 14:57:00,中评,差评,差评,否,是,是,否,是,中评,配送员安装,中评,中评,中评,中评,中评,否,是,否,否,否,否,否,,,否,,,否,,否,,,,,海尔（Haier） XQB55-M1269 5.5公斤全自动波轮洗衣机 3年质保,未明显变动,,持平,,中评,中评,中评,中评,中评,中评,否,,中评,差评,好评,中评,中评,中评,差评,中评,,中评,中评,差评,差评,差评,中等抱怨,中评,中评,差评
197,198,,银牌会员,低,iphone客户端,2017-01-18 22:07:00,中评,中评,好评,是,是,是,否,是,中评,配送员安装,中评,中评,中评,中评,中评,否,是,否,是,是,否,是,物流配送,差评,否,,,否,,否,,差评,差评,否,海尔（Haier） XQB55-M1269 5.5公斤全自动波轮洗衣机 3年质保,未明显变动,,持平,,中评,中评,中评,中评,中评,中评,否,,中评,差评,中评,差评,中评,差评,好评,中评,差评,中评,中评,差评,差评,差评,严重抱怨,差评,差评,差评
198,199,广东,银牌会员,低,iphone客户端,2017-01-11 12:34:00,中评,中评,中评,是,是,是,否,是,中评,次日,中评,中评,差评,中评,差评,否,是,否,是,否,否,是,安装问题,中评,是,差评,差评,否,,否,,中评,中评,差评,海尔（Haier） XQB55-M1269 5.5公斤全自动波轮洗衣机 3年质保,未明显变动,,持平,,中评,中评,差评,中评,中评,中评,是,差评,中评,差评,差评,差评,中评,中评,中评,差评,中评,差评,差评,差评,差评,差评,严重抱怨,中评,差评,差评
199,200,,银牌会员,低,iphone客户端,2017-02-09 20:54:00,差评,差评,差评,否,是,是,否,是,中评,第三日,中评,中评,中评,中评,中评,否,否,否,是,否,否,是,售前咨询,中评,否,,,否,,否,,中评,差评,否,海尔（Haier） XQB55-M1269 5.5公斤全自动波轮洗衣机 3年质保,未明显变动,,持平,,中评,中评,中评,中评,中评,中评,否,,中评,差评,中评,差评,中评,差评,差评,中评,差评,中评,差评,差评,差评,差评,严重抱怨,中评,差评,差评
200,201,辽宁,PLUS会员[试用],低,android客户端,2017-02-27 09:56:00,差评,差评,中评,否,是,是,否,是,中评,第三日,中评,中评,中评,中评,中评,否,是,否,是,否,否,是,物流配送,差评,否,,,否,,否,,差评,中评,差评,海尔（Haier） XQB55-M1269 5.5公斤全自动波轮洗衣机 3年质保,未明显变动,,持平,,中评,中评,中评,中评,中评,中评,否,,中评,差评,差评,差评,中评,差评,差评,中评,差评,中评,差评,差评,差评,差评,严重抱怨,差评,差评,差评
201,202,,金牌会员,低,iphone客户端,2017-01-18 07:29:00,差评,差评,差评,否,是,是,否,是,中评,次日,中评,中评,中评,中评,中评,否,是,否,是,否,否,是,物流配送,差评,否,,,否,,否,,差评,差评,否,海尔（Haier） XQB55-M1269 5.5公斤全自动波轮洗衣机 3年质保,未明显变动,,持平,,中评,中评,中评,中评,中评,中评,否,,中评,差评,差评,差评,中评,差评,差评,中评,差评,中评,差评,差评,差评,差评,严重抱怨,差评,差评,差评
