,id,User_region,User_level,User_purchase_amount,Order_from,Comment_time,Order_processing_speed,Sending_out_speed,Delivery_speed,If_delivered_on_original/promised_date,If_delivered_right_product,If_intact_in_transit,If_the_last_Km_is_difficult,If_the_last_Km_is_served,Distribution_staff_service_attitude,Installer_arrival_time,Installer_arrival_speed,Installation_speed,Installation_effect,Explaining_service,Installer_service_attitude,If_installer_has_any_charges,If_the_bill_is_complete,If_any_gifts,If_any_after-sales_processes,If_any_revisiting,If_any_gifts_from_after-sales,If_contacted_customer_service,Reason_contacting_customer_service,Customer_service_processing_efficiency,If_fixing,Number_of_fixing,Fixing_result,If_replacement,Replacement_result,If_return,Return_result,After-sales_processing_efficiency,After-sales_attitude,If_problems_solved,Product_model,If_price_changed_in_a_short_time,Changing_price,Compared_to_different_channel_prices,Price_gap,Product_functional_diversity,Energy_saving_index,Performance_index,Noise_situation,Aesthetics_performance,Intactness_performance,If_product_is_faulty,Fault_index,Ease_of_use,Brand_awareness_to_Haier,Awareness_to_product,Cost-effective_satisfaction,Reputation_and_price_satisfaction,Order_processing_satisfaction,Logistics_distribution_satisfaction,Installation_satisfaction,After-sales_service_satisfaction,Product_quality_satisfaction,Consistent_with_the_description_satisfaction,Compared_with_pre-purchase_expectations_satisfaction,Customer_satisfaction,Customer_satisfaction_level,Customer_complaints_index,Will_of_repurchase_the_same_brand_and_the_same_kind_of_product,Will_of_repurchase_the_same_brand,Recommended_to_buy_index
0,1,广东,银牌会员,低,android客户端,20161226  9:51:00 PM,4,4,4,1,1,1,1,1,5,配送员安装,5.0,5.0,5.0,5.0,5.0,0.0,1.0,0.0,0,0,0,0,,,0,,,0,,0.0,,,,,XQB55-M1269 5.5公斤全自动波轮洗衣机 3年质保,0,,0,,3,3,3,3,3,3,0,,3,3,3,3,3,3,5,5,,3,3,5,5,好评,1,4,4,4
1,2,,铜牌会员,低,iphone客户端,20161120  4:30:00 PM,4,4,4,1,1,1,1,1,4,配送员安装,5.0,5.0,5.0,4.0,5.0,0.0,1.0,1.0,0,0,0,0,,,0,,,0,,0.0,,,,,XQB55-M1269 5.5公斤全自动波轮洗衣机 3年质保,0,,0,,3,3,3,2,3,3,0,,3,5,5,5,3,3,5,5,,3,4,5,5,好评,1,5,5,5
2,3,,铜牌会员,低,android客户端,2016124  3:48:00 PM,4,3,1,0,1,1,0,1,5,次日,2.0,5.0,5.0,5.0,5.0,0.0,1.0,0.0,1,0,0,1,售前咨询,5.0,0,,,0,,0.0,,5.0,5.0,1.0,XQB55-M1269 5.5公斤全自动波轮洗衣机 3年质保,0,,0,,3,3,4,2,3,2,0,,3,4,3,3,3,2,4,5,5.0,3,3,3,5,好评,2,4,5,3
3,4,,铜牌会员,低,微信购物,2016911  2:28:00 PM,4,2,2,0,1,1,0,1,3,配送员安装,5.0,3.0,1.0,2.0,2.0,1.0,1.0,0.0,0,0,0,0,,,0,,,0,,0.0,,,,,XQB55-M1269 5.5公斤全自动波轮洗衣机 3年质保,0,,0,,3,3,3,3,3,3,0,,3,3,1,3,3,2,1,1,,3,2,2,3,中评,4,1,2,1
4,5,北京,金牌会员,低,ipad客户端,20161016  11:30:00 AM,3,3,3,1,1,1,0,1,5,配送员安装,5.0,5.0,5.0,5.0,5.0,0.0,1.0,0.0,0,0,0,0,,,0,,,0,,0.0,,,,,XQB55-M1269 5.5公斤全自动波轮洗衣机 3年质保,0,,0,,3,4,1,3,3,3,0,,3,5,3,3,3,5,5,5,,2,3,2,3,中评,3,2,3,2
5,6,,银牌会员,低,android客户端,20161018  9:44:00 AM,3,3,1,0,1,1,0,1,3,配送员安装,5.0,5.0,5.0,5.0,5.0,0.0,1.0,0.0,1,0,0,1,物流配送,1.0,0,,,0,,0.0,,1.0,3.0,0.0,XQB55-M1269 5.5公斤全自动波轮洗衣机 3年质保,0,,0,,3,3,3,3,3,3,0,,3,1,3,3,3,1,1,4,1.0,3,3,2,1,差评,5,1,1,1
6,7,上海,钻石会员,低,网页购物,2016828  5:08:00 PM,3,1,1,0,1,1,0,1,2,配送员安装,5.0,3.0,3.0,3.0,3.0,0.0,1.0,0.0,1,0,0,1,物流配送,1.0,0,,,0,,0.0,,1.0,1.0,0.0,XQB55-M1269 5.5公斤全自动波轮洗衣机 3年质保,0,,0,,3,3,3,3,3,3,0,,3,1,3,3,3,1,1,3,1.0,3,2,1,1,差评,5,1,1,1
7,8,河南,金牌会员,高,网页购物,201712  8:56:00 PM,5,5,5,1,1,1,0,1,3,当天下午,4.0,5.0,5.0,5.0,5.0,0.0,1.0,0.0,0,0,0,0,,,0,,,0,,0.0,,,,,海尔（Haier) 8公斤 斐雪派克直驱变频滚筒洗衣机 智能APP控制 精准投放 EG8014BDX59SDU1,0,,0,,3,3,3,5,5,5,0,,5,4,5,4,3,5,5,5,,5,5,4,5,好评,1,4,4,5
8,9,山东,金牌会员,高,android客户端,20161227  9:16:00 PM,5,5,5,1,1,1,1,1,5,配送员安装,5.0,5.0,5.0,5.0,5.0,0.0,1.0,0.0,0,0,0,0,,,0,,,0,,0.0,,,,,海尔（Haier) 8公斤 斐雪派克直驱变频滚筒洗衣机 智能APP控制 精准投放 EG8014BDX59SDU1,0,,0,,3,3,5,4,3,2,0,,3,4,5,4,3,5,5,5,,4,5,5,5,好评,2,4,4,4
9,10,山东,银牌会员,高,android客户端,20161228  7:26:00 PM,3,5,5,1,1,1,0,1,3,配送员安装,5.0,5.0,5.0,3.0,3.0,0.0,1.0,0.0,0,0,0,0,,,0,,,0,,0.0,,,,,海尔（Haier) 8公斤 斐雪派克直驱变频滚筒洗衣机 智能APP控制 精准投放 EG8014BDX59SDU1,0,,0,,5,3,5,5,3,3,0,,5,5,5,5,3,5,4,5,,5,5,5,5,好评,1,5,5,5
10,11,,银牌会员,高,微信购物,2016824  7:07:00 PM,4,3,3,1,1,1,0,1,3,配送员安装,5.0,3.0,3.0,2.0,1.0,1.0,1.0,0.0,0,0,0,0,,,0,,,0,,0.0,,,,,海尔（Haier) 8公斤 斐雪派克直驱变频滚筒洗衣机 智能APP控制 精准投放 EG8014BDX59SDU1,0,,0,,3,3,2,2,3,3,0,,3,3,3,2,3,3,3,2,,3,2,3,3,中评,3,1,2,2
11,12,福建,钻石会员,高,iphone客户端,2016827  6:34:00 PM,4,4,3,1,1,0,0,1,3,配送员安装,5.0,3.0,3.0,3.0,3.0,0.0,1.0,0.0,0,0,0,0,,,0,,,0,,0.0,,,,,海尔（Haier) 8公斤 斐雪派克直驱变频滚筒洗衣机 智能APP控制 精准投放 EG8014BDX59SDU1,0,,0,,3,3,3,2,2,1,0,,3,2,2,2,3,3,2,3,,2,2,2,3,中评,3,1,1,1
12,13,河北,金牌会员,高,iphone客户端,20161020  11:41:00 AM,4,3,3,1,1,1,0,1,2,配送员安装,5.0,5.0,1.0,1.0,2.0,0.0,1.0,0.0,1,0,0,1,质量问题,5.0,1,1.0,1.0,0,,0.0,,5.0,2.0,1.0,海尔（Haier) 8公斤 斐雪派克直驱变频滚筒洗衣机 智能APP控制 精准投放 EG8014BDX59SDU1,0,,0,,1,3,3,3,3,3,1,4.0,1,1,1,1,3,3,3,2,4.0,1,1,1,1,差评,5,1,1,1
13,14,广东,金牌会员,高,iphone客户端,20161218  11:53:00 AM,4,4,4,0,1,1,0,1,2,次日,3.0,1.0,1.0,1.0,1.0,1.0,1.0,0.0,1,0,0,1,质量问题,1.0,1,1.0,0.0,1,1.0,0.0,,1.0,1.0,1.0,海尔（Haier) 8公斤 斐雪派克直驱变频滚筒洗衣机 智能APP控制 精准投放 EG8014BDX59SDU1,0,,0,,4,3,3,4,4,4,1,4.0,3,1,1,3,3,5,1,1,1.0,3,3,1,1,差评,4,1,1,1
14,15,北京,银牌会员,高,iphone客户端,20161119  12:29:00 PM,3,3,3,1,1,0,0,1,3,配送员安装,5.0,3.0,3.0,3.0,3.0,0.0,1.0,0.0,1,0,0,1,质量问题,2.0,0,,,1,0.0,0.0,,1.0,2.0,0.0,海尔（Haier) 8公斤 斐雪派克直驱变频滚筒洗衣机 智能APP控制 精准投放 EG8014BDX59SDU1,0,,0,,3,3,3,3,3,1,0,,3,1,1,1,3,4,1,1,1.0,3,1,1,1,差评,3,1,1,1
15,16,浙江,金牌会员,高,android客户端,20161214  12:50:00 PM,5,5,5,1,1,1,1,1,5,配送员安装,5.0,5.0,5.0,5.0,5.0,0.0,1.0,0.0,0,0,0,0,,,0,,,0,,0.0,,,,,海尔（Haier）BCD-575WDGOU1 575升变频风冷无霜对开门冰箱 双变频高保湿抽屉双重杀菌系统新国标一级,0,,0,,4,4,4,4,4,4,0,,4,5,5,5,3,5,5,5,,5,5,5,5,好评,1,4,5,5
16,17,,PLUS会员,高,iphone客户端,2017114  12:50:00 PM,4,3,3,1,1,1,0,1,3,配送员安装,5.0,3.0,3.0,3.0,3.0,0.0,1.0,0.0,0,0,0,0,,,0,,,0,,0.0,,,,,海尔（Haier）BCD-575WDGOU1 575升变频风冷无霜对开门冰箱 双变频高保湿抽屉双重杀菌系统新国标一级,0,,0,,5,3,3,3,5,3,0,,3,4,4,4,3,3,3,3,,5,5,4,5,好评,2,3,3,3
17,18,四川,PLUS会员,高,网页购物,20161114  8:15:00 PM,4,3,3,1,1,1,0,1,2,配送员安装,5.0,3.0,1.0,2.0,2.0,0.0,1.0,0.0,0,0,0,0,,,0,,,0,,0.0,,,,,海尔（Haier）BCD-575WDGOU1 575升变频风冷无霜对开门冰箱 双变频高保湿抽屉双重杀菌系统新国标一级,0,,0,,3,3,3,3,3,3,0,,3,1,1,2,3,4,2,1,,4,4,3,2,中评,4,1,1,1
18,19,,钻石会员,高,iphone客户端,20161116  7:43:00 PM,4,3,3,1,1,1,0,1,3,配送员安装,5.0,3.0,1.0,2.0,2.0,0.0,1.0,0.0,0,0,0,0,,,0,,,0,,0.0,,,,,海尔（Haier）BCD-575WDGOU1 575升变频风冷无霜对开门冰箱 双变频高保湿抽屉双重杀菌系统新国标一级,0,,0,,4,4,4,5,5,4,0,,4,3,4,5,3,5,4,1,,5,5,4,2,中评,4,4,4,3
19,20,,银牌会员,高,iphone客户端,20161218  7:22:00 PM,3,2,1,0,1,1,0,1,2,配送员安装,5.0,3.0,2.0,2.0,2.0,0.0,1.0,0.0,1,0,0,1,咨询赠品,2.0,0,,,0,,0.0,,2.0,2.0,1.0,海尔（Haier）BCD-575WDGOU1 575升变频风冷无霜对开门冰箱 双变频高保湿抽屉双重杀菌系统新国标一级,0,,0,,4,4,4,4,4,4,0,,4,4,4,5,3,4,1,2,,5,5,3,3,中评,4,3,3,2
20,21,天津,金牌会员,低,android客户端,20161231  5:59:00 PM,4,3,3,1,1,1,0,1,4,配送员安装,5.0,3.0,4.0,4.0,4.0,1.0,1.0,0.0,1,0,1,1,售前咨询,5.0,0,,,0,,0.0,,5.0,5.0,1.0,海尔（Haier) 7.2公斤直驱变频波轮全自动洗衣机 静音洗涤 特色消毒洗 EB72BM2JD,0,,0,,3,3,3,3,3,3,0,,3,3,3,2,3,3,3,4,5.0,3,3,4,5,好评,1,3,3,3
21,22,福建,钻石会员,低,iphone客户端,20161231  10:18:00 PM,4,4,4,1,1,1,0,1,3,配送员安装,5.0,3.0,3.0,3.0,3.0,0.0,1.0,0.0,1,0,0,1,质量问题,1.0,0,,,1,1.0,0.0,,1.0,3.0,1.0,海尔（Haier) 7.2公斤直驱变频波轮全自动洗衣机 静音洗涤 特色消毒洗 EB72BM2JD,0,,0,,3,3,3,3,3,3,1,5.0,3,3,3,3,3,3,2,3,1.0,2,4,4,5,好评,3,2,2,2
22,23,,银牌会员,低,android客户端,2017113  10:59:00 AM,3,3,4,1,1,1,1,1,5,配送员安装,5.0,5.0,5.0,5.0,5.0,0.0,1.0,0.0,0,0,0,0,,,0,,,0,,0.0,,,,,海尔（Haier) 7.2公斤直驱变频波轮全自动洗衣机 静音洗涤 特色消毒洗 EB72BM2JD,0,,0,,3,3,3,3,3,4,0,,3,5,5,4,3,3,5,5,,5,5,5,5,好评,1,5,5,5
23,24,广东,银牌会员,低,android客户端,201711  8:35:00 PM,3,3,4,1,1,1,0,1,4,配送员安装,5.0,5.0,5.0,5.0,4.0,0.0,1.0,0.0,0,0,0,0,,,0,,,0,,0.0,,,,,海尔（Haier) 7.2公斤直驱变频波轮全自动洗衣机 静音洗涤 特色消毒洗 EB72BM2JD,0,,0,,3,3,3,3,3,2,0,,3,3,3,3,3,3,4,3,,2,3,3,5,好评,3,2,3,2
24,25,辽宁,金牌会员,低,android客户端,2017115  8:42:00 PM,3,3,3,1,1,1,0,1,3,配送员安装,5.0,3.0,3.0,3.0,3.0,0.0,1.0,0.0,0,0,0,0,,,0,,,0,,0.0,,,,,海尔（Haier) 7.2公斤直驱变频波轮全自动洗衣机 静音洗涤 特色消毒洗 EB72BM2JD,0,,0,,5,3,5,3,3,3,0,,4,5,5,5,3,3,3,3,,5,5,5,5,好评,1,5,5,5
25,26,江苏,银牌会员,低,android客户端,2017115  12:51:00 AM,2,3,3,1,1,1,0,1,4,配送员安装,5.0,4.0,4.0,4.0,4.0,0.0,1.0,0.0,0,0,0,0,,,0,,,0,,0.0,,,,,海尔（Haier) 7.2公斤直驱变频波轮全自动洗衣机 静音洗涤 特色消毒洗 EB72BM2JD,0,,0,,4,4,4,4,4,4,0,,4,5,5,5,3,5,5,5,,5,5,5,5,好评,1,5,5,5
26,27,湖北,银牌会员,低,iphone客户端,201713  4:39:00 PM,4,3,4,1,1,1,0,1,3,配送员安装,5.0,4.0,4.0,4.0,4.0,0.0,1.0,0.0,0,0,0,0,,,0,,,0,,0.0,,,,,海尔（Haier) 7.2公斤直驱变频波轮全自动洗衣机 静音洗涤 特色消毒洗 EB72BM2JD,0,,1,300.0,4,3,3,3,3,3,0,,3,5,5,4,4,4,4,4,,4,5,5,5,好评,1,5,5,5
27,28,山东,钻石会员,低,android客户端,2017113  12:49:00 PM,3,4,4,1,1,1,0,1,4,配送员安装,5.0,4.0,4.0,4.0,4.0,0.0,1.0,0.0,0,0,0,0,,,0,,,0,,0.0,,,,,海尔（Haier) 7.2公斤直驱变频波轮全自动洗衣机 静音洗涤 特色消毒洗 EB72BM2JD,0,,0,,5,2,4,3,3,3,0,,1,5,5,4,3,5,5,5,,3,4,4,5,好评,2,4,5,3
28,29,,钻石会员,低,iphone客户端,201711  2:08:00 PM,5,5,5,1,1,1,0,1,5,配送员安装,5.0,5.0,5.0,5.0,5.0,0.0,1.0,1.0,0,0,0,0,,,0,,,0,,0.0,,,,,海尔（Haier) 7.2公斤直驱变频波轮全自动洗衣机 静音洗涤 特色消毒洗 EB72BM2JD,0,,0,,4,3,3,3,3,3,0,,4,3,4,5,3,5,5,5,,5,5,5,5,好评,1,5,5,5
29,30,北京,金牌会员,低,iphone客户端,201718  10:02:00 AM,4,5,5,1,1,1,0,1,3,配送员安装,5.0,4.0,4.0,4.0,4.0,0.0,1.0,0.0,0,0,0,0,,,0,,,0,,0.0,,,,,海尔（Haier) 7.2公斤直驱变频波轮全自动洗衣机 静音洗涤 特色消毒洗 EB72BM2JD,0,,0,,3,4,2,5,3,3,0,,3,3,2,5,3,5,5,5,,4,4,4,5,好评,2,4,4,4
30,31,广东,银牌会员,低,android客户端,2017114  9:29:00 AM,3,3,3,1,1,1,0,1,3,配送员安装,5.0,3.0,2.0,3.0,3.0,0.0,1.0,0.0,0,0,0,0,,,0,,,0,,0.0,,,,,海尔（Haier) 7.2公斤直驱变频波轮全自动洗衣机 静音洗涤 特色消毒洗 EB72BM2JD,0,,0,,3,3,3,5,3,2,0,,3,3,5,3,3,3,3,3,,3,3,3,5,好评,3,2,2,3
31,32,新疆,钻石会员,低,android客户端,201719  12:09:00 PM,4,3,3,1,1,1,0,1,3,次日,3.0,3.0,3.0,3.0,3.0,0.0,1.0,0.0,1,0,0,1,预约安装,4.0,0,,,0,,0.0,,3.0,3.0,1.0,海尔（Haier) 7.2公斤直驱变频波轮全自动洗衣机 静音洗涤 特色消毒洗 EB72BM2JD,0,,0,,5,3,3,3,3,3,0,,1,3,3,4,3,4,4,4,3.0,4,4,4,5,好评,1,3,4,3
32,33,北京,钻石会员,低,iphone客户端,2017115  10:22:00 PM,3,3,3,1,1,1,0,1,3,配送员安装,5.0,3.0,3.0,3.0,3.0,0.0,1.0,0.0,0,0,0,0,,,0,,,0,,0.0,,,,,海尔（Haier) 7.2公斤直驱变频波轮全自动洗衣机 静音洗涤 特色消毒洗 EB72BM2JD,0,,0,,3,3,2,3,3,3,1,2.0,3,2,2,3,4,3,3,3,3.0,2,2,2,3,中评,4,1,1,1
33,34,,铜牌会员,低,iphone客户端,2016123  3:52:00 PM,3,3,3,0,1,1,0,1,3,配送员安装,5.0,3.0,3.0,3.0,3.0,0.0,1.0,0.0,1,0,0,1,质量问题,5.0,0,,,0,,0.0,,5.0,5.0,1.0,海尔（Haier) 7.2公斤直驱变频波轮全自动洗衣机 静音洗涤 特色消毒洗 EB72BM2JD,1,100.0,1,400.0,3,3,2,3,3,3,1,3.0,3,1,1,4,1,4,3,4,5.0,1,2,2,3,中评,3,2,3,1
34,35,,铜牌会员,低,iphone客户端,201719  7:03:00 PM,4,3,3,1,1,1,0,1,3,配送员安装,5.0,3.0,3.0,3.0,3.0,0.0,1.0,0.0,0,0,0,0,,,0,,,0,,0.0,,,,,海尔（Haier) 7.2公斤直驱变频波轮全自动洗衣机 静音洗涤 特色消毒洗 EB72BM2JD,0,,1,200.0,3,3,2,3,5,3,0,,3,3,3,4,4,3,3,3,,2,3,3,3,中评,2,3,2,2
35,36,广东,银牌会员,低,android客户端,2017118  12:25:00 PM,3,3,3,1,1,1,0,1,3,配送员安装,5.0,3.0,3.0,3.0,3.0,0.0,1.0,0.0,0,0,0,0,,,0,,,0,,0.0,,,,,海尔（Haier) 7.2公斤直驱变频波轮全自动洗衣机 静音洗涤 特色消毒洗 EB72BM2JD,0,,0,,2,3,3,3,3,3,0,,1,2,1,2,3,3,3,3,,1,2,1,3,中评,4,1,3,1
36,37,,银牌会员,低,android客户端,2017114  11:44:00 AM,3,3,3,1,1,1,0,1,3,配送员安装,5.0,3.0,3.0,3.0,3.0,0.0,1.0,0.0,0,0,0,0,,,0,,,0,,0.0,,,,,海尔（Haier) 7.2公斤直驱变频波轮全自动洗衣机 静音洗涤 特色消毒洗 EB72BM2JD,0,,0,,3,3,3,3,2,1,0,,3,2,2,3,3,3,3,3,,2,3,2,3,中评,2,1,3,2
37,38,北京,钻石会员,低,iphone客户端,201713  10:10:00 AM,3,3,3,0,1,1,0,1,3,配送员安装,5.0,3.0,3.0,3.0,3.0,0.0,1.0,0.0,0,0,0,0,,,0,,,0,,0.0,,,,,海尔（Haier) 7.2公斤直驱变频波轮全自动洗衣机 静音洗涤 特色消毒洗 EB72BM2JD,0,,1,400.0,3,3,1,3,3,3,0,,3,1,1,3,3,2,3,3,,1,1,1,3,中评,4,1,1,1
38,39,陕西,金牌会员,低,android客户端,2016127  12:47:00 PM,4,2,2,0,1,1,0,1,3,配送员安装,5.0,3.0,3.0,3.0,3.0,0.0,1.0,0.0,0,0,0,0,,,0,,,0,,0.0,,,,,海尔（Haier) 7.2公斤直驱变频波轮全自动洗衣机 静音洗涤 特色消毒洗 EB72BM2JD,0,,0,,3,3,2,3,3,3,0,,3,3,3,3,3,2,2,3,,2,2,2,3,中评,3,2,2,2
39,40,上海,钻石会员,低,android客户端,2016128  7:10:00 AM,2,3,3,1,1,0,0,1,3,配送员安装,5.0,3.0,3.0,3.0,3.0,0.0,0.0,0.0,0,0,0,0,,,0,,,0,,0.0,,,,,海尔（Haier) 7.2公斤直驱变频波轮全自动洗衣机 静音洗涤 特色消毒洗 EB72BM2JD,0,,0,,3,3,3,3,3,1,0,,2,2,3,3,2,3,2,3,,2,2,1,2,中评,4,1,1,1
40,41,吉林,银牌会员,低,android客户端,20161126  5:12:00 PM,3,3,3,1,1,1,0,1,4,配送员安装,5.0,3.0,4.0,3.0,4.0,0.0,1.0,0.0,1,0,0,1,质量问题,5.0,1,1.0,1.0,0,,0.0,,5.0,5.0,1.0,海尔（Haier) 7.2公斤直驱变频波轮全自动洗衣机 静音洗涤 特色消毒洗 EB72BM2JD,0,,0,,3,3,3,3,3,3,1,1.0,3,3,2,3,3,3,3,4,4.0,3,3,3,3,中评,2,1,3,2
41,42,山东,金牌会员,低,android客户端,2017111  10:00:00 AM,4,3,3,1,1,0,0,1,3,配送员安装,5.0,3.0,3.0,3.0,3.0,0.0,1.0,0.0,0,0,0,0,,,0,,,0,,0.0,,,,,海尔（Haier) 7.2公斤直驱变频波轮全自动洗衣机 静音洗涤 特色消毒洗 EB72BM2JD,0,,0,,1,3,1,3,3,1,0,,3,3,1,1,3,3,3,3,,1,2,2,3,中评,3,1,3,1
42,43,,银牌会员,低,微信购物,2017116  11:19:00 AM,4,4,3,1,1,1,0,1,3,配送员安装,5.0,3.0,2.0,2.0,3.0,0.0,1.0,0.0,1,0,0,1,质量问题,2.0,0,,,0,,0.0,,2.0,1.0,0.0,海尔（Haier) 7.2公斤直驱变频波轮全自动洗衣机 静音洗涤 特色消毒洗 EB72BM2JD,0,,0,,3,3,3,1,3,3,1,2.0,3,1,1,3,3,3,3,3,1.0,1,2,2,3,中评,4,1,2,1
43,44,山西,金牌会员,低,android客户端,201714  10:36:00 AM,4,4,4,1,0,1,0,1,5,配送员安装,5.0,5.0,5.0,5.0,5.0,0.0,1.0,0.0,1,1,0,1,物流配送,5.0,0,,,1,1.0,0.0,,5.0,5.0,1.0,海尔（Haier) 7.2公斤直驱变频波轮全自动洗衣机 静音洗涤 特色消毒洗 EB72BM2JD,0,,0,,3,3,2,3,3,3,0,,3,2,3,3,3,4,1,3,5.0,2,2,2,3,中评,2,1,3,2
44,45,广东,银牌会员,低,android客户端,20161215  12:07:00 AM,3,3,3,1,1,1,0,1,3,配送员安装,5.0,3.0,3.0,3.0,3.0,0.0,1.0,0.0,1,0,0,1,质量问题,3.0,0,,,1,1.0,0.0,,3.0,3.0,1.0,海尔（Haier) 7.2公斤直驱变频波轮全自动洗衣机 静音洗涤 特色消毒洗 EB72BM2JD,0,,0,,3,3,3,1,3,3,1,4.0,3,3,1,2,3,4,4,4,3.0,1,1,1,3,中评,4,1,2,1
45,46,广西,钻石会员,低,iphone客户端,201715  7:38:00 PM,4,4,3,1,1,1,0,1,3,无安装服务,,3.0,3.0,3.0,3.0,0.0,1.0,0.0,1,0,0,1,预约安装,1.0,0,,,0,,0.0,,1.0,1.0,0.0,海尔（Haier) 7.2公斤直驱变频波轮全自动洗衣机 静音洗涤 特色消毒洗 EB72BM2JD,0,,0,,3,3,3,3,3,3,0,,3,2,3,3,3,2,4,3,1.0,3,3,2,3,中评,3,2,2,2
46,47,海南,钻石会员,低,android客户端,2017120  6:14:00 PM,2,4,3,1,1,1,0,1,3,配送员安装,5.0,4.0,4.0,4.0,4.0,1.0,1.0,0.0,0,0,0,0,,,0,,,0,,0.0,,,,,海尔（Haier) 7.2公斤直驱变频波轮全自动洗衣机 静音洗涤 特色消毒洗 EB72BM2JD,0,,0,,3,3,2,3,3,3,0,,3,2,2,3,3,4,4,2,,3,3,3,3,中评,3,3,3,3
47,48,湖北,金牌会员,低,android客户端,201712  4:49:00 PM,3,3,3,1,1,1,0,1,3,无安装服务,,,,,,,,,1,0,0,1,预约安装,1.0,0,,,0,,0.0,,1.0,1.0,0.0,海尔（Haier) 7.2公斤直驱变频波轮全自动洗衣机 静音洗涤 特色消毒洗 EB72BM2JD,0,,0,,3,3,3,3,3,3,0,,3,1,2,2,3,3,3,1,1.0,3,3,1,3,中评,4,1,1,1
48,49,,银牌会员,低,iphone客户端,2017113  11:45:00 PM,5,5,5,1,1,1,0,1,4,无安装服务,,,,,,,,,1,0,0,1,预约安装,1.0,0,,,0,,0.0,,1.0,2.0,1.0,海尔（Haier) 7.2公斤直驱变频波轮全自动洗衣机 静音洗涤 特色消毒洗 EB72BM2JD,0,,0,,3,3,3,3,3,3,0,,3,2,2,2,3,4,4,1,1.0,3,3,2,3,中评,3,2,2,2
49,50,黑龙江,银牌会员,低,网页购物,201714  8:38:00 PM,5,5,5,1,1,1,0,1,3,配送员安装,5.0,3.0,3.0,3.0,3.0,0.0,1.0,0.0,1,0,0,1,质量问题,3.0,1,1.0,1.0,0,,0.0,,3.0,3.0,1.0,海尔（Haier) 7.2公斤直驱变频波轮全自动洗衣机 静音洗涤 特色消毒洗 EB72BM2JD,0,,0,,3,3,3,3,3,1,1,3.0,3,1,1,2,3,4,4,3,3.0,1,2,1,3,中评,4,2,2,2
50,51,北京,钻石会员,低,iphone客户端,2017118  7:53:00 AM,4,3,3,1,1,1,0,1,3,配送员安装,5.0,3.0,3.0,3.0,3.0,0.0,1.0,0.0,0,0,0,0,,,0,,,0,,0.0,,,,,海尔（Haier) 7.2公斤直驱变频波轮全自动洗衣机 静音洗涤 特色消毒洗 EB72BM2JD,0,,0,,2,3,2,5,3,3,0,,3,3,2,3,3,3,3,3,,3,1,1,3,中评,4,1,3,1
51,52,,钻石会员,低,android客户端,20161210  10:13:00 PM,3,3,3,1,1,1,0,1,1,配送员安装,5.0,4.0,3.0,3.0,1.0,1.0,1.0,0.0,0,0,0,0,,,0,,,0,,0.0,,,,,海尔（Haier) 7.2公斤直驱变频波轮全自动洗衣机 静音洗涤 特色消毒洗 EB72BM2JD,0,,0,,3,3,3,3,3,3,0,,3,1,1,3,3,3,3,1,1.0,3,3,2,3,中评,3,3,2,2
52,53,广东,银牌会员,低,iphone客户端,2016123  12:31:00 PM,4,3,3,1,0,1,1,0,2,,3.0,3.0,3.0,3.0,3.0,0.0,1.0,0.0,0,0,0,0,,,0,,,0,,0.0,,,,,海尔（Haier) 7.2公斤直驱变频波轮全自动洗衣机 静音洗涤 特色消毒洗 EB72BM2JD,0,,0,,3,3,3,3,3,3,0,,3,3,3,3,3,2,1,3,,3,2,1,1,差评,5,2,1,2
53,54,广东,银牌会员,低,微信购物,201712  10:14:00 PM,3,3,3,1,0,1,0,1,3,,3.0,3.0,3.0,3.0,3.0,0.0,1.0,0.0,1,0,0,1,物流配送,3.0,0,,,1,1.0,0.0,,3.0,3.0,1.0,海尔（Haier) 7.2公斤直驱变频波轮全自动洗衣机 静音洗涤 特色消毒洗 EB72BM2JD,0,,0,,3,3,3,3,3,3,0,,3,1,2,3,3,3,3,3,4.0,3,1,1,1,差评,5,1,1,1
54,55,江苏,银牌会员,低,android客户端,20161224  11:53:00 PM,4,2,1,0,1,1,0,1,3,配送员安装,5.0,3.0,3.0,3.0,3.0,0.0,1.0,0.0,0,0,0,0,,,0,,,0,,0.0,,,,,海尔（Haier) 7.2公斤直驱变频波轮全自动洗衣机 静音洗涤 特色消毒洗 EB72BM2JD,0,,0,,3,3,3,1,3,2,0,,3,2,2,2,3,4,1,3,,2,3,2,1,差评,3,1,3,2
55,56,广东,钻石会员,低,android客户端,20161223  11:03:00 AM,3,3,3,1,1,1,0,1,3,配送员安装,5.0,3.0,2.0,3.0,3.0,0.0,1.0,0.0,1,1,1,1,售前咨询,5.0,1,1.0,1.0,0,,0.0,,5.0,5.0,1.0,海尔（Haier) 7.2公斤直驱变频波轮全自动洗衣机 静音洗涤 特色消毒洗 EB72BM2JD,0,,0,,3,3,3,1,3,2,1,2.0,3,3,2,2,3,3,3,5,5.0,2,2,2,1,差评,3,1,4,2
56,57,浙江,钻石会员,低,iphone客户端,2016126  8:27:00 PM,4,3,3,1,1,1,0,1,3,配送员安装,5.0,3.0,1.0,3.0,2.0,0.0,1.0,0.0,1,1,0,0,,,1,1.0,1.0,0,,0.0,,,,,海尔（Haier) 7.2公斤直驱变频波轮全自动洗衣机 静音洗涤 特色消毒洗 EB72BM2JD,0,,0,,3,3,3,3,3,3,0,,3,2,2,3,3,4,3,1,3.0,3,3,2,1,差评,3,1,2,2
57,58,北京,银牌会员,低,android客户端,20161216  11:17:00 AM,2,3,3,1,1,0,0,1,3,配送员安装,5.0,3.0,3.0,3.0,3.0,0.0,1.0,0.0,0,0,0,0,,,0,,,0,,0.0,,,,,海尔（Haier) 7.2公斤直驱变频波轮全自动洗衣机 静音洗涤 特色消毒洗 EB72BM2JD,0,,0,,3,3,3,3,2,1,0,,3,2,2,1,2,3,3,3,,1,1,1,1,差评,4,1,2,1
58,59,四川,金牌会员,低,android客户端,201713  4:57:00 PM,3,2,2,0,1,1,0,1,1,,3.0,3.0,3.0,3.0,3.0,0.0,1.0,0.0,1,0,0,1,物流配送,3.0,0,,,0,,0.0,,3.0,2.0,1.0,海尔（Haier) 7.2公斤直驱变频波轮全自动洗衣机 静音洗涤 特色消毒洗 EB72BM2JD,0,,0,,3,3,3,3,3,3,0,,3,1,2,3,3,3,1,3,1.0,3,3,1,1,差评,5,1,2,1
59,60,,钻石会员,中,android客户端,2016327  10:34:00 PM,4,3,2,0,1,1,0,1,2,三到七日,1.0,4.0,4.0,4.0,4.0,1.0,1.0,0.0,1,0,0,1,物流配送,2.0,0,,,0,,0.0,,2.0,3.0,1.0,海尔（Haier）KFR-35GW15DEA22AU1套机 劲铂自清洁 1.5匹 变频挂机 智能 除甲醛 二级能效 冷暖 壁挂式空调,0,,0,,3,3,3,3,3,3,0,,3,2,3,1,3,3,1,2,,3,3,3,3,中评,3,3,3,2
60,61,浙江,钻石会员,中,iphone客户端,20161125  1:25:00 PM,3,3,3,1,1,1,0,1,3,,3.0,3.0,3.0,2.0,2.0,0.0,1.0,0.0,0,0,0,0,,,0,,,0,,0.0,,,,,海尔（Haier）KFR-35GW15DEA22AU1套机 劲铂自清洁 1.5匹 变频挂机 智能 除甲醛 二级能效 冷暖 壁挂式空调,0,,0,,1,3,3,3,3,3,0,,2,2,1,2,3,3,3,3,,3,1,2,3,中评,4,2,2,2
61,62,山东,钻石会员,中,android客户端,201659  1:02:00 PM,3,3,3,1,1,1,0,1,3,,3.0,3.0,1.0,2.0,2.0,0.0,1.0,0.0,0,0,0,0,,,0,,,0,,0.0,,,,,海尔（Haier）KFR-35GW15DEA22AU1套机 劲铂自清洁 1.5匹 变频挂机 智能 除甲醛 二级能效 冷暖 壁挂式空调,0,,0,,3,3,3,3,3,3,0,,3,2,3,3,3,3,3,1,,3,3,2,1,差评,5,3,3,3
62,63,江苏,金牌会员,中,网页购物,201681  4:56:00 PM,2,3,3,1,1,1,0,1,3,次日,3.0,3.0,3.0,4.0,4.0,0.0,1.0,0.0,1,0,0,1,质量问题,3.0,0,,,1,0.0,0.0,,1.0,2.0,0.0,海尔（Haier）KFR-35GW15DEA22AU1套机 劲铂自清洁 1.5匹 变频挂机 智能 除甲醛 二级能效 冷暖 壁挂式空调,0,,0,,3,3,3,3,3,3,1,5.0,3,3,2,3,3,3,3,2,2.0,1,3,3,1,差评,4,1,1,1
63,64,四川,钻石会员,中,android客户端,2016614  12:18:00 AM,4,4,3,1,1,1,0,1,3,,3.0,3.0,3.0,3.0,3.0,0.0,1.0,0.0,1,0,0,1,质量问题,3.0,0,,,0,,0.0,,3.0,3.0,0.0,海尔（Haier）KFR-35GW15DEA22AU1套机 劲铂自清洁 1.5匹 变频挂机 智能 除甲醛 二级能效 冷暖 壁挂式空调,0,,0,,3,3,2,3,3,3,1,4.0,3,1,1,1,3,3,3,3,2.0,2,1,2,1,差评,5,1,1,1
64,65,新疆,金牌会员,中,网页购物,2016615  1:47:00 PM,3,2,2,0,1,1,0,1,3,无安装服务,,,,,,,,,1,0,0,1,预约安装,1.0,0,,,0,,0.0,,1.0,1.0,0.0,海尔（Haier）KFR-35GW15DEA22AU1套机 劲铂自清洁 1.5匹 变频挂机 智能 除甲醛 二级能效 冷暖 壁挂式空调,0,,0,,3,3,3,3,3,3,0,,3,1,1,1,3,4,2,1,1.0,3,3,3,1,差评,5,1,1,1
65,66,陕西,钻石会员,中,iphone客户端,2016106  11:30:00 AM,4,3,1,0,1,1,0,1,1,无安装服务,,3.0,3.0,3.0,3.0,0.0,1.0,0.0,0,0,0,0,,,0,,,0,,0.0,,,,,海尔（Haier）KFR-35GW15DEA22AU1套机 劲铂自清洁 1.5匹 变频挂机 智能 除甲醛 二级能效 冷暖 壁挂式空调,0,,0,,3,3,3,3,3,3,0,,3,3,3,1,3,3,1,1,,3,3,3,1,差评,5,1,2,1
66,67,,银牌会员,中,网页购物,2016626  2:32:00 PM,3,3,3,1,1,1,0,1,3,次日,3.0,1.0,3.0,3.0,4.0,0.0,1.0,0.0,0,0,0,1,质量问题,1.0,0,,,1,1.0,0.0,,1.0,1.0,1.0,海尔（Haier）KFR-35GW15DEA22AU1套机 劲铂自清洁 1.5匹 变频挂机 智能 除甲醛 二级能效 冷暖 壁挂式空调,0,,0,,3,3,3,3,3,3,1,5.0,3,1,1,1,3,3,3,3,1.0,1,3,1,1,差评,5,1,1,1
67,68,江西,钻石会员,中,android客户端,2017117  6:39:00 PM,3,3,3,1,1,1,0,1,3,半天内,4.0,5.0,5.0,5.0,5.0,0.0,1.0,0.0,0,0,0,0,,,0,,,0,,0.0,,,,,海尔(Haier)60升APP智能控制 动态增容 预约洗浴中温保温 防电墙电热水器EC6002-D6(U1) 一级能效,0,,0,,5,4,3,3,5,3,0,,5,5,5,5,3,3,3,5,,5,5,5,5,好评,1,4,5,5
68,69,,铜牌会员,中,android客户端,2017120  7:59:00 AM,3,3,3,1,1,1,0,1,3,,3.0,3.0,3.0,3.0,3.0,0.0,1.0,0.0,1,0,0,1,质量问题,4.0,0,,,0,,1.0,0.0,1.0,1.0,0.0,海尔(Haier)60升APP智能控制 动态增容 预约洗浴中温保温 防电墙电热水器EC6002-D6(U1) 一级能效,0,,0,,3,3,1,3,3,3,1,3.0,3,2,1,1,3,3,3,3,1.0,1,2,1,1,差评,5,1,1,1
69,70,辽宁,银牌会员,低,android客户端,20161214  9:32:00 PM,4,4,4,1,1,1,0,1,3,配送员安装,5.0,5.0,5.0,5.0,5.0,0.0,1.0,0.0,0,0,0,0,,,0,,,0,,0.0,,,,,海尔（Haier）360°立体拢烟 低噪音侧吸式油烟机 CXW-200-C150,0,,0,,3,3,3,3,3,3,0,,3,5,3,5,3,4,4,5,,5,5,5,5,好评,1,5,5,5
70,71,河南,钻石会员,低,android客户端,2016129  10:38:00 PM,4,3,3,1,1,1,0,1,3,,3.0,3.0,3.0,2.0,2.0,1.0,1.0,0.0,0,0,0,0,,,0,,,0,,0.0,,,,,海尔（Haier）360°立体拢烟 低噪音侧吸式油烟机 CXW-200-C150,0,,0,,3,3,3,3,3,3,0,,3,1,1,1,3,3,3,1,,3,3,2,2,中评,4,1,1,1
71,72,北京,钻石会员,低,iphone客户端,2016125  12:40:00 AM,4,4,2,0,1,1,0,1,3,,3.0,3.0,3.0,2.0,3.0,1.0,1.0,0.0,0,0,0,0,,,0,,,0,,0.0,,,,,海尔（Haier）360°立体拢烟 低噪音侧吸式油烟机 CXW-200-C150,0,,0,,4,4,4,4,4,4,0,,4,2,3,3,3,2,2,3,,3,3,3,3,中评,3,1,2,2
72,73,天津,金牌会员,低,微信购物,20161114  10:16:00 PM,3,3,3,1,1,1,0,1,3,,3.0,4.0,4.0,4.0,5.0,0.0,1.0,0.0,0,0,0,0,,,0,,,0,,0.0,,,,,海尔（Haier）360°立体拢烟 低噪音侧吸式油烟机 CXW-200-C150,0,,0,,3,3,2,2,3,3,0,,3,3,2,2,3,3,3,4,,2,3,3,3,中评,2,2,2,1
73,74,,银牌会员,低,iphone客户端,2017123  3:59:00 PM,3,4,4,1,1,1,0,1,4,第三日,2.0,3.0,3.0,1.0,1.0,0.0,1.0,0.0,0,0,0,0,,,0,,,0,,0.0,,,,,海尔（Haier）360°立体拢烟 低噪音侧吸式油烟机 CXW-200-C150,0,,0,,4,4,4,4,4,4,0,,4,3,4,4,3,4,4,3,1.0,4,4,4,3,中评,3,3,3,3
74,75,河南,PLUS会员,低,android客户端,20161112  6:30:00 PM,3,3,3,1,1,1,0,1,3,,3.0,3.0,3.0,3.0,3.0,0.0,1.0,0.0,0,0,0,0,,,0,,,0,,0.0,,,,,海尔（Haier）360°立体拢烟 低噪音侧吸式油烟机 CXW-200-C150,0,,-1,200.0,3,3,2,2,2,3,0,,3,3,2,2,2,3,3,3,,3,4,3,3,中评,4,1,2,1
75,76,江苏,钻石会员,低,网页购物,20161018  5:17:00 PM,3,3,3,1,1,1,0,1,3,半天内,4.0,5.0,5.0,5.0,5.0,0.0,1.0,0.0,0,0,0,0,,,0,,,0,,0.0,,,,,海尔（Haier）360°立体拢烟 低噪音侧吸式油烟机 CXW-200-C150,0,,0,,3,3,2,2,3,3,0,,3,4,2,4,3,5,5,5,5.0,4,4,4,3,中评,2,3,3,3
76,77,广东,银牌会员,低,iphone客户端,20161120  12:20:00 AM,3,3,3,1,1,1,0,1,3,,3.0,3.0,3.0,3.0,3.0,0.0,1.0,1.0,0,0,0,0,,,0,,,0,,0.0,,,,,海尔（Haier）360°立体拢烟 低噪音侧吸式油烟机 CXW-200-C150,0,,0,,3,3,3,2,2,3,0,,3,2,2,2,3,3,3,3,3.0,3,2,2,3,中评,2,1,2,1
77,78,,银牌会员,低,android客户端,2017119  3:41:00 PM,4,3,3,1,1,1,0,1,3,,3.0,3.0,3.0,3.0,3.0,0.0,1.0,0.0,1,0,1,1,效果一般,1.0,0,,,0,,1.0,0.0,1.0,4.0,1.0,海尔（Haier）360°立体拢烟 低噪音侧吸式油烟机 CXW-200-C150,0,,0,,3,3,1,3,3,3,0,,3,1,1,1,3,4,3,3,3.0,2,2,1,1,差评,5,1,1,1
78,79,,银牌会员,低,android客户端,201714  11:39:00 AM,3,4,4,1,1,0,0,1,4,次日,3.0,3.0,3.0,3.0,3.0,0.0,1.0,0.0,1,0,0,1,质量问题,4.0,1,1.0,0.0,0,,0.0,,4.0,4.0,0.0,海尔（Haier）360°立体拢烟 低噪音侧吸式油烟机 CXW-200-C150,0,,0,,3,3,3,3,3,3,1,3.0,3,3,2,3,3,3,3,3,3.0,1,3,2,1,差评,4,1,2,1
79,80,广东,钻石会员,低,iphone客户端,2017124  11:26:00 AM,2,3,3,1,1,1,0,1,3,,3.0,3.0,3.0,3.0,3.0,0.0,1.0,0.0,1,0,0,1,质量问题,1.0,0,,,0,,1.0,0.0,1.0,1.0,0.0,海尔（Haier）360°立体拢烟 低噪音侧吸式油烟机 CXW-200-C150,0,,0,,3,3,3,1,2,3,1,2.0,3,1,1,1,3,2,3,3,1.0,1,1,1,1,差评,5,1,1,1
80,81,北京,金牌会员,高,网页购物,2016911  9:54:00 AM,3,3,3,1,1,1,0,1,3,半天内,4.0,4.0,5.0,4.0,5.0,0.0,1.0,0.0,0,0,0,0,,,0,,,0,,0.0,,,,,海尔(Haier)80升空气能热水器(一体壁挂式) 智能APP远程遥控电热水器 KG1580-AE3-U1,0,,0,,5,4,3,5,3,3,0,,3,5,5,4,3,4,3,5,5.0,5,5,5,5,好评,1,4,5,5
81,82,,银牌会员,高,ipad客户端,201632  9:52:00 PM,3,3,3,1,1,1,0,1,3,,3.0,3.0,2.0,3.0,3.0,0.0,1.0,0.0,0,0,0,0,,,0,,,0,,0.0,,,,,海尔(Haier)80升空气能热水器(一体壁挂式) 智能APP远程遥控电热水器 KG1580-AE3-U1,0,,0,,5,4,5,2,3,3,0,,3,5,5,4,3,3,3,3,3.0,4,4,4,5,好评,1,4,4,4
82,83,,钻石会员,高,android客户端,20161111  9:29:00 PM,4,3,3,1,1,1,0,1,3,三到七日,2.0,3.0,1.0,3.0,2.0,0.0,1.0,0.0,1,0,0,1,安装问题,3.0,0,,,0,,0.0,,3.0,2.0,0.0,海尔(Haier)80升空气能热水器(一体壁挂式) 智能APP远程遥控电热水器 KG1580-AE3-U1,0,,0,,3,3,3,3,3,3,0,,3,2,3,3,3,3,3,1,2.0,3,3,2,5,好评,1,3,3,2
83,84,,银牌会员,高,iphone客户端,20151221  8:55:00 AM,3,3,3,1,1,1,0,1,3,,3.0,3.0,3.0,3.0,3.0,0.0,1.0,0.0,1,0,0,1,价格波动,2.0,0,,,0,,0.0,,2.0,2.0,0.0,海尔(Haier)80升空气能热水器(一体壁挂式) 智能APP远程遥控电热水器 KG1580-AE3-U1,-1,100.0,0,,3,3,3,3,3,3,0,,3,3,3,3,2,3,3,3,1.0,4,3,3,3,中评,4,2,3,2
84,85,云南,PLUS会员,高,android客户端,2016612  7:26:00 AM,3,3,4,1,1,1,0,1,4,当天下午,3.0,3.0,2.0,3.0,3.0,0.0,1.0,0.0,1,0,0,1,安装问题,1.0,0,,,0,,0.0,,1.0,4.0,0.0,海尔(Haier)80升空气能热水器(一体壁挂式) 智能APP远程遥控电热水器 KG1580-AE3-U1,0,,0,,3,3,3,3,3,3,0,,3,2,2,3,3,4,4,2,3.0,3,3,3,2,中评,4,3,2,2
85,86,江苏,PLUS会员,高,android客户端,2016318  8:41:00 PM,4,3,3,1,1,1,0,1,3,配送员安装,3.0,4.0,4.0,4.0,4.0,0.0,1.0,0.0,0,0,0,0,,,0,,,0,,0.0,,,,,海尔(Haier)80升空气能热水器(一体壁挂式) 智能APP远程遥控电热水器 KG1580-AE3-U1,0,,0,,3,3,1,3,3,3,0,,1,4,2,2,3,3,3,3,2.0,3,2,2,2,中评,3,1,3,1
86,87,,钻石会员,高,android客户端,2016412  7:34:00 PM,3,3,3,1,1,1,0,1,3,大于一周,1.0,2.0,3.0,3.0,2.0,0.0,1.0,0.0,1,0,0,1,质量问题,1.0,0,,,0,,0.0,,1.0,1.0,0.0,海尔(Haier)80升空气能热水器(一体壁挂式) 智能APP远程遥控电热水器 KG1580-AE3-U1,0,,0,,3,3,3,1,3,3,1,5.0,3,1,1,3,3,3,3,3,1.0,3,2,2,2,中评,5,1,1,1
87,88,,银牌会员,高,微信购物,2016620  11:31:00 PM,4,3,3,1,1,1,0,1,3,,3.0,3.0,3.0,3.0,3.0,0.0,1.0,0.0,0,0,0,0,,,0,,,0,,0.0,,,,,海尔(Haier)80升空气能热水器(一体壁挂式) 智能APP远程遥控电热水器 KG1580-AE3-U1,0,,0,,3,3,3,3,1,1,0,,3,3,3,3,3,1,1,3,3.0,2,3,3,1,差评,4,3,3,3
88,89,云南,钻石会员,高,iphone客户端,2016621  9:35:00 AM,3,3,3,1,1,1,0,1,3,无安装服务,,,,,,,1.0,0.0,0,0,0,0,,,0,,,0,,0.0,,,,,海尔(Haier)80升空气能热水器(一体壁挂式) 智能APP远程遥控电热水器 KG1580-AE3-U1,0,,0,,3,3,3,3,3,3,0,,3,2,2,3,3,3,3,1,1.0,3,3,3,1,差评,5,3,3,3
89,90,广东,金牌会员,高,网页购物,2016327  2:58:00 PM,4,3,3,1,1,1,0,1,3,次日,3.0,3.0,2.0,1.0,2.0,0.0,1.0,0.0,0,0,0,0,,,0,,,0,,0.0,,,,,海尔(Haier)80升空气能热水器(一体壁挂式) 智能APP远程遥控电热水器 KG1580-AE3-U1,0,,0,,3,3,3,2,3,3,0,,1,3,3,1,3,3,3,3,2.0,3,2,2,1,差评,4,1,3,1
90,91,北京,钻石会员,高,android客户端,201651  2:00:00 PM,3,3,3,1,1,1,0,1,3,,3.0,3.0,3.0,3.0,3.0,0.0,1.0,0.0,0,1,0,0,,,0,,,0,,0.0,,,,,海尔(Haier)80升空气能热水器(一体壁挂式) 智能APP远程遥控电热水器 KG1580-AE3-U1,0,,0,,3,3,3,2,3,3,0,,4,4,4,4,3,3,3,3,4.0,4,4,4,4,好评,2,2,4,3
91,92,北京,PLUS会员,高,android客户端,201681  5:24:00 PM,4,3,3,1,1,0,0,1,3,无安装服务,,,,,,,1.0,0.0,1,0,0,1,预约安装,1.0,0,,,0,,0.0,,1.0,1.0,0.0,海尔(Haier)80升空气能热水器(一体壁挂式) 智能APP远程遥控电热水器 KG1580-AE3-U1,0,,0,,3,3,3,3,3,3,0,,3,2,2,3,3,3,2,1,2.0,3,3,3,1,差评,5,2,2,3
92,93,,PLUS会员,高,android客户端,20161113  8:07:00 PM,2,3,3,1,1,1,0,1,3,,3.0,3.0,3.0,3.0,3.0,0.0,1.0,0.0,0,0,0,0,,,0,,,0,,0.0,,,,,海尔(Haier)65升空气能热水器(一体壁挂式)智能APP远程遥控电热水器KG1565-AE3-U1,0,,0,,3,3,3,2,3,3,0,,3,3,4,4,3,3,3,3,3.0,3,3,4,5,好评,1,3,3,3
93,94,广东,PLUS会员,高,android客户端,2017125  5:57:00 PM,4,4,5,1,1,1,0,1,3,,4.0,3.0,3.0,3.0,3.0,0.0,1.0,0.0,1,0,0,1,质量问题,4.0,1,3.0,0.0,1,1.0,0.0,,4.0,4.0,1.0,海尔(Haier)65升空气能热水器(一体壁挂式)智能APP远程遥控电热水器KG1565-AE3-U1,0,,0,,3,3,3,2,3,3,1,4.0,3,3,3,3,3,3,3,3,4.0,2,3,3,5,好评,2,3,3,2
94,95,,银牌会员,高,网页购物,2016613  7:42:00 PM,2,3,3,1,1,1,0,1,3,,3.0,3.0,3.0,3.0,3.0,0.0,1.0,0.0,0,0,0,0,,,0,,,0,,0.0,,,,,海尔(Haier)65升空气能热水器(一体壁挂式)智能APP远程遥控电热水器KG1565-AE3-U1,0,,0,,3,3,3,2,3,3,0,,3,3,3,3,3,3,3,3,3.0,3,3,3,4,好评,2,3,3,3
95,96,山东,钻石会员,高,android客户端,20161124  9:11:00 AM,3,3,3,1,1,1,0,1,3,,3.0,3.0,3.0,3.0,3.0,0.0,1.0,0.0,0,0,0,0,,,0,,,0,,0.0,,,,,海尔(Haier)65升空气能热水器(一体壁挂式)智能APP远程遥控电热水器KG1565-AE3-U1,0,,0,,3,3,2,2,3,3,0,,3,3,3,3,3,3,3,3,3.0,3,3,2,5,好评,2,3,3,3
96,97,,PLUS会员,高,iphone客户端,2016321  9:30:00 AM,3,3,3,1,1,1,0,1,3,,3.0,3.0,3.0,3.0,3.0,0.0,1.0,0.0,0,0,0,0,,,0,,,0,,0.0,,,,,海尔(Haier)65升空气能热水器(一体壁挂式)智能APP远程遥控电热水器KG1565-AE3-U1,0,,0,,5,3,3,3,3,3,0,,3,3,3,4,3,3,3,3,3.0,3,4,4,5,好评,1,4,3,3
97,98,上海,PLUS会员,高,iphone客户端,2016729  10:12:00 PM,4,3,3,1,1,1,0,1,3,,3.0,3.0,2.0,3.0,2.0,0.0,1.0,0.0,0,0,0,0,,,0,,,0,,0.0,,,,,海尔(Haier)65升空气能热水器(一体壁挂式)智能APP远程遥控电热水器KG1565-AE3-U1,0,,0,,3,3,3,2,3,3,0,,2,2,2,3,3,3,3,2,2.0,3,3,3,5,好评,2,3,2,3
98,99,,PLUS会员,高,网页购物,2016620  11:43:00 AM,3,3,3,1,1,1,0,1,3,第三日,3.0,3.0,3.0,1.0,2.0,0.0,1.0,0.0,0,0,0,1,质量问题,1.0,0,,,0,,0.0,,2.0,1.0,0.0,海尔(Haier)65升空气能热水器(一体壁挂式)智能APP远程遥控电热水器KG1565-AE3-U1,0,,0,,3,3,3,1,3,3,1,1.0,2,2,1,2,3,3,3,2,1.0,3,3,2,3,中评,4,2,1,1
99,100,,银牌会员,高,iphone客户端,2016821  12:36:00 AM,3,3,3,1,1,1,0,1,3,三到七日,2.0,2.0,1.0,2.0,2.0,0.0,1.0,0.0,0,0,0,0,,,0,,,0,,0.0,,,,,海尔(Haier)65升空气能热水器(一体壁挂式)智能APP远程遥控电热水器KG1565-AE3-U1,0,,0,,3,3,3,3,3,3,0,,1,2,2,3,3,3,3,1,3.0,3,3,3,2,中评,3,3,3,3
100,101,广东,金牌会员,中,网页购物,201729  9:26:00 PM,5,5,5,1,1,1,0,1,3,配送员安装,5.0,5.0,5.0,5.0,5.0,0.0,1.0,0.0,0,0,0,0,,,0,,,0,,0.0,,,,,海尔（Haier）8公斤 变频滚筒洗衣机 消毒洗 3年质保 EG8012B29WE,0,,0,,3,4,5,5,3,3,0,,3,5,5,5,3,5,5,5,,5,3,5,5,好评,1,3,5,4
101,102,重庆,银牌会员,中,android客户端,201726  10:16:00 AM,3,3,3,1,1,1,0,1,3,,3.0,3.0,3.0,3.0,3.0,0.0,1.0,0.0,0,0,0,0,,,0,,,0,,0.0,,,,,海尔（Haier）8公斤 变频滚筒洗衣机 消毒洗 3年质保 EG8012B29WE,0,,1,200.0,3,3,3,3,3,3,0,,3,4,4,5,4,3,3,3,,4,3,3,5,好评,1,3,4,4
102,103,,金牌会员,中,android客户端,201725  9:52:00 PM,3,2,2,1,1,1,0,1,4,配送员安装,5.0,5.0,5.0,5.0,5.0,0.0,1.0,0.0,0,0,0,0,,,0,,,0,,0.0,,,,,海尔（Haier）8公斤 变频滚筒洗衣机 消毒洗 3年质保 EG8012B29WE,0,,0,,3,3,5,5,3,3,0,,3,5,5,4,4,3,2,5,,5,3,3,5,好评,1,3,5,5
103,104,浙江,金牌会员,中,android客户端,201727  1:42:00 PM,3,5,5,1,1,1,0,1,5,配送员安装,5.0,5.0,5.0,5.0,5.0,0.0,1.0,0.0,0,0,0,0,,,0,,,0,,0.0,,,,,海尔（Haier）8公斤 变频滚筒洗衣机 消毒洗 3年质保 EG8012B29WE,0,,1,300.0,3,3,3,2,3,3,0,,3,5,3,4,5,3,5,5,,2,3,3,5,好评,2,3,5,3
104,105,上海,钻石会员,中,iphone客户端,201729  10:28:00 AM,3,3,3,1,1,1,0,1,3,次日,3.0,3.0,3.0,3.0,3.0,0.0,1.0,0.0,0,0,0,0,,,0,,,0,,0.0,,,,,海尔（Haier）8公斤 变频滚筒洗衣机 消毒洗 3年质保 EG8012B29WE,0,,0,,3,3,4,3,3,3,0,,3,5,4,3,3,3,3,4,,4,3,3,5,好评,1,4,5,4
105,106,,钻石会员,中,android客户端,201724  11:05:00 PM,3,3,3,1,1,1,1,1,5,配送员安装,5.0,5.0,5.0,5.0,5.0,0.0,1.0,0.0,0,0,0,0,,,0,,,0,,0.0,,,,,海尔（Haier）8公斤 变频滚筒洗衣机 消毒洗 3年质保 EG8012B29WE,0,,0,,3,3,3,3,3,3,0,,3,5,3,3,3,3,5,5,,3,3,3,5,好评,1,3,5,5
106,107,,银牌会员,中,android客户端,2017210  5:04:00 PM,3,3,3,1,1,1,1,1,5,配送员安装,5.0,3.0,3.0,3.0,5.0,0.0,1.0,0.0,0,0,0,0,,,0,,,0,,0.0,,,,,海尔（Haier）8公斤 变频滚筒洗衣机 消毒洗 3年质保 EG8012B29WE,0,,0,,3,3,3,3,5,5,0,,3,5,3,3,3,3,5,5,,4,4,4,5,好评,1,5,5,5
107,108,,金牌会员,中,android客户端,201729  6:50:00 PM,3,3,3,1,1,1,0,1,3,配送员安装,5.0,3.0,3.0,3.0,3.0,1.0,1.0,0.0,0,0,0,0,,,0,,,0,,0.0,,,,,海尔（Haier）8公斤 变频滚筒洗衣机 消毒洗 3年质保 EG8012B29WE,0,,0,,3,3,3,3,4,4,0,,3,3,2,2,3,3,3,3,,4,3,3,5,好评,3,2,3,3
108,109,山东,PLUS会员,中,android客户端,201729  9:33:00 AM,3,3,3,1,1,1,0,1,3,配送员安装,5.0,3.0,3.0,3.0,3.0,0.0,1.0,0.0,0,0,0,0,,,0,,,0,,0.0,,,,,海尔（Haier）8公斤 变频滚筒洗衣机 消毒洗 3年质保 EG8012B29WE,0,,0,,4,3,4,3,5,4,0,,3,5,5,4,3,3,3,5,,5,3,4,5,好评,1,4,4,4
109,110,,银牌会员,中,iphone客户端,201724  12:04:00 AM,3,3,2,0,1,1,1,1,3,配送员安装,5.0,3.0,3.0,3.0,3.0,0.0,1.0,0.0,0,0,0,0,,,0,,,0,,0.0,,,,,海尔（Haier）8公斤 变频滚筒洗衣机 消毒洗 3年质保 EG8012B29WE,0,,0,,3,3,2,2,3,3,0,,3,3,2,2,3,3,3,3,,2,2,2,4,好评,3,2,3,2
110,111,河南,钻石会员,中,网页购物,2016125  11:57:00 AM,3,3,3,0,1,1,0,1,3,无安装服务,,,,,,,1.0,0.0,1,0,0,1,价格波动,4.0,0,,,0,,1.0,0.0,2.0,3.0,0.0,海尔（Haier）EG8012HB86S 8公斤洗烘一体变频滚筒洗衣机  免熨烫烘干 3年质保,-1,300.0,0,,3,3,3,3,3,3,0,,3,3,3,2,1,3,3,3,1.0,3,3,2,1,差评,4,2,3,1
111,112,天津,钻石会员,中,android客户端,20161212  8:39:00 AM,3,3,1,0,1,1,0,1,3,配送员安装,3.0,3.0,3.0,3.0,3.0,0.0,1.0,0.0,0,0,0,1,物流配送,3.0,0,,,0,,0.0,,2.0,1.0,1.0,海尔（Haier）EG8012HB86S 8公斤洗烘一体变频滚筒洗衣机  免熨烫烘干 3年质保,0,,0,,3,3,3,3,3,3,0,,3,1,3,2,3,1,1,3,1.0,3,3,1,1,差评,4,2,2,1
112,113,浙江,PLUS会员,中,网页购物,20161120  12:05:00 PM,4,3,3,1,1,1,0,1,3,配送员安装,3.0,3.0,3.0,3.0,3.0,0.0,1.0,0.0,0,0,0,0,,,0,,,0,,0.0,,,,,海尔（Haier）EG8012HB86S 8公斤洗烘一体变频滚筒洗衣机  免熨烫烘干 3年质保,0,,0,,3,3,3,3,3,3,0,,3,2,1,1,3,3,3,3,,1,1,1,1,差评,5,1,2,1
113,114,,金牌会员,中,iphone客户端,20161116  10:33:00 PM,3,3,3,0,1,1,0,1,2,配送员安装,3.0,3.0,3.0,3.0,3.0,0.0,1.0,0.0,0,0,0,1,物流配送,2.0,0,,,0,,0.0,,1.0,2.0,1.0,海尔（Haier）EG8012HB86S 8公斤洗烘一体变频滚筒洗衣机  免熨烫烘干 3年质保,0,,0,,3,3,3,3,3,3,0,,3,3,3,3,3,3,1,1,1.0,3,3,2,1,差评,5,2,2,1
114,115,,银牌会员,中,android客户端,20161212  10:45:00 PM,3,3,1,0,1,1,0,1,4,无安装服务,,,,,,,1.0,0.0,0,0,0,0,,,0,,,0,,0.0,,,,,海尔（Haier）EG8012HB86S 8公斤洗烘一体变频滚筒洗衣机  免熨烫烘干 3年质保,0,,0,,3,3,3,2,3,2,0,,3,2,2,3,3,2,4,3,,2,3,3,5,好评,3,2,3,2
115,116,,银牌会员,中,android客户端,20161026  2:02:00 PM,3,4,3,0,1,1,1,0,2,配送员安装,3.0,3.0,2.0,1.0,1.0,0.0,1.0,0.0,0,0,0,0,,,0,,,0,,0.0,,,,,海尔（Haier）EG8012HB86S 8公斤洗烘一体变频滚筒洗衣机  免熨烫烘干 3年质保,0,,0,,3,3,3,3,3,3,0,,3,1,2,3,3,3,1,1,,3,3,1,1,差评,5,1,2,1
116,117,北京,金牌会员,中,android客户端,201715  11:52:00 AM,4,3,3,1,1,1,0,1,4,配送员安装,3.0,3.0,5.0,3.0,5.0,0.0,1.0,0.0,0,0,0,0,,,0,,,0,,0.0,,,,,海尔（Haier）EG8012HB86S 8公斤洗烘一体变频滚筒洗衣机  免熨烫烘干 3年质保,0,,0,,5,3,3,4,3,3,0,,4,4,5,4,3,3,3,5,,4,5,5,5,好评,1,4,4,5
117,118,广东,金牌会员,中,网页购物,2016118  10:03:00 AM,3,3,3,1,1,1,1,1,5,配送员安装,3.0,3.0,5.0,5.0,5.0,0.0,1.0,0.0,0,0,0,0,,,0,,,0,,0.0,,,,,海尔（Haier）EG8012HB86S 8公斤洗烘一体变频滚筒洗衣机  免熨烫烘干 3年质保,0,,0,,3,3,3,3,3,3,0,,3,3,3,3,3,3,3,5,,3,3,3,5,好评,1,3,3,3
118,119,,金牌会员,中,android客户端,2016125  9:36:00 PM,4,4,5,1,1,1,0,1,4,配送员安装,3.0,3.0,3.0,3.0,3.0,0.0,1.0,0.0,0,0,0,0,,,0,,,0,,0.0,,,,,海尔（Haier）EG8012HB86S 8公斤洗烘一体变频滚筒洗衣机  免熨烫烘干 3年质保,0,,0,,5,2,2,5,5,3,0,,4,4,4,5,3,4,5,3,,4,5,5,5,好评,2,4,4,4
119,120,山东,金牌会员,中,网页购物,2017110  9:31:00 AM,1,1,1,0,1,1,0,1,3,配送员安装,3.0,3.0,3.0,3.0,3.0,0.0,1.0,0.0,0,0,0,1,物流配送,1.0,0,,,0,,0.0,,1.0,2.0,1.0,海尔（Haier）EG8012HB86S 8公斤洗烘一体变频滚筒洗衣机  免熨烫烘干 3年质保,0,,0,,4,4,4,4,4,4,0,,4,3,4,3,3,1,1,3,1.0,4,4,3,5,好评,3,3,3,3
120,121,广东,钻石会员,中,iphone客户端,20161111  9:19:00 AM,4,3,3,1,1,1,0,1,3,配送员安装,3.0,3.0,1.0,2.0,1.0,1.0,1.0,0.0,0,0,0,0,,,0,,,0,,0.0,,,,,海尔（Haier）EG8012HB86S 8公斤洗烘一体变频滚筒洗衣机  免熨烫烘干 3年质保,0,,0,,4,3,3,4,3,3,0,,4,2,4,4,3,3,3,2,,4,4,4,5,好评,2,3,2,3
121,122,,银牌会员,中,网页购物,20161115  7:06:00 PM,3,3,4,1,1,1,0,1,3,配送员安装,3.0,3.0,4.0,3.0,4.0,0.0,1.0,0.0,0,0,0,0,,,0,,,0,,0.0,,,,,海尔（Haier）EG8012HB86S 8公斤洗烘一体变频滚筒洗衣机  免熨烫烘干 3年质保,0,,0,,3,3,2,5,3,2,0,,4,4,3,3,3,3,3,4,1.0,2,3,2,3,中评,3,3,3,3
122,123,天津,金牌会员,中,android客户端,2016122  10:52:00 AM,3,3,3,1,1,1,0,1,3,第三日,2.0,3.0,1.0,2.0,2.0,0.0,1.0,0.0,1,0,0,1,预约安装,3.0,0,,,0,,0.0,,1.0,1.0,0.0,海尔（Haier）EG8012HB86S 8公斤洗烘一体变频滚筒洗衣机  免熨烫烘干 3年质保,0,,0,,3,3,3,3,3,3,0,,3,2,3,4,3,3,3,1,1.0,3,3,3,5,好评,3,3,3,3
123,124,广东,金牌会员,中,iphone客户端,20161128  8:41:00 AM,3,3,3,1,0,1,0,1,3,配送员安装,3.0,3.0,3.0,3.0,3.0,0.0,1.0,0.0,0,0,0,1,物流配送,3.0,0,,,1,1.0,0.0,,1.0,3.0,1.0,海尔（Haier）EG8012HB86S 8公斤洗烘一体变频滚筒洗衣机  免熨烫烘干 3年质保,0,,0,,3,3,3,3,3,3,0,,3,1,3,3,3,1,3,3,1.0,3,3,2,1,差评,4,2,2,2
124,125,,银牌会员,中,iphone客户端,2016105  7:19:00 PM,3,3,3,1,1,1,0,1,3,配送员安装,3.0,3.0,3.0,3.0,3.0,0.0,1.0,0.0,1,0,0,1,质量问题,3.0,0,,,1,0.0,1.0,0.0,3.0,1.0,0.0,海尔（Haier）EG8012HB86S 8公斤洗烘一体变频滚筒洗衣机  免熨烫烘干 3年质保,0,,0,,3,3,3,1,3,3,0,,3,1,1,2,3,3,3,3,1.0,3,1,1,1,差评,5,1,1,1
125,126,河北,金牌会员,中,iphone客户端,201714  6:16:00 PM,4,3,3,1,1,1,0,1,3,次日,3.0,3.0,2.0,2.0,1.0,1.0,1.0,0.0,0,0,0,1,预约安装,3.0,0,,,0,,0.0,,1.0,1.0,0.0,海尔（Haier）EG8012HB86S 8公斤洗烘一体变频滚筒洗衣机  免熨烫烘干 3年质保,0,,0,,3,3,3,3,3,3,0,,3,1,3,3,3,3,3,1,1.0,3,3,2,1,差评,4,2,1,2
126,127,山东,PLUS会员[试用],中,android客户端,2017114  9:39:00 AM,5,3,4,1,1,1,0,0,1,配送员安装,3.0,3.0,3.0,3.0,3.0,0.0,1.0,0.0,0,0,0,0,,,0,,,0,,0.0,,,,,海尔（Haier）EG8012HB86S 8公斤洗烘一体变频滚筒洗衣机  免熨烫烘干 3年质保,0,,0,,3,3,3,3,3,3,0,,3,1,3,3,3,1,1,3,1.0,3,3,1,1,差评,5,1,1,1
127,128,广西,银牌会员,中,网页购物,20161213  9:47:00 AM,4,3,3,1,1,1,0,1,3,配送员安装,3.0,3.0,2.0,3.0,3.0,0.0,1.0,0.0,1,0,0,1,安装问题,3.0,0,,,0,,0.0,,3.0,3.0,1.0,海尔（Haier）EG8012HB86S 8公斤洗烘一体变频滚筒洗衣机  免熨烫烘干 3年质保,0,,0,,5,3,3,3,3,3,0,,5,4,4,4,3,3,4,3,2.0,4,4,4,5,好评,2,4,4,4
128,129,,金牌会员,中,android客户端,20161227  4:45:00 PM,3,3,3,1,1,1,0,1,5,配送员安装,3.0,3.0,5.0,5.0,5.0,0.0,1.0,0.0,0,0,0,0,,,0,,,0,,,,,,,海尔（Haier）EG8012HB86S 8公斤洗烘一体变频滚筒洗衣机  免熨烫烘干 3年质保,1,200.0,0,,4,3,3,3,3,3,0,,3,3,4,3,2,3,3,5,,3,3,3,5,好评,2,3,3,3
129,130,重庆,金牌会员,中,android客户端,201719  11:17:00 AM,4,3,3,1,1,1,0,1,3,配送员安装,3.0,3.0,3.0,3.0,3.0,0.0,1.0,0.0,0,0,0,0,,,0,,,0,,,,,,,海尔（Haier）EG8012HB86S 8公斤洗烘一体变频滚筒洗衣机  免熨烫烘干 3年质保,0,,0,,5,5,5,5,5,5,0,,5,2,5,4,4,4,4,4,,4,4,4,1,差评,4,3,1,3
